NAME 1,NAME 2
Wonder Woman / Diana Prince,Steve Trevor
Wonder Woman / Diana Prince,Hippolyta
Wonder Woman / Diana Prince,Antiope
Wonder Woman / Diana Prince,Ludendorff
Wonder Woman / Diana Prince,Ares
Wonder Woman / Diana Prince,Sameer
Wonder Woman / Diana Prince,Charlie
Wonder Woman / Diana Prince,The Chief
Wonder Woman / Diana Prince,Etta
Wonder Woman / Diana Prince,Dr. Maru
Wonder Woman / Diana Prince,Menalippe
Wonder Woman / Diana Prince,Artemis
Wonder Woman / Diana Prince,Philippus
Wonder Woman / Diana Prince,Fausta Grables
Wonder Woman / Diana Prince,Venelia
Wonder Woman / Diana Prince,Euboea
Wonder Woman / Diana Prince,Penthiselea
Wonder Woman / Diana Prince,Orana
Wonder Woman / Diana Prince,Field Marshall Haig
Wonder Woman / Diana Prince,Kaiser Wilhelm II
Wonder Woman / Diana Prince,Colonel Darnell
Wonder Woman / Diana Prince,Senator Timandra
Wonder Woman / Diana Prince,Senator Acantha
Wonder Woman / Diana Prince,Epione
Wonder Woman / Diana Prince,Mnemosyne
Wonder Woman / Diana Prince,Aella
Wonder Woman / Diana Prince,Egeria
Wonder Woman / Diana Prince,Trigona
Wonder Woman / Diana Prince,Niobe
Steve Trevor,Hippolyta
Steve Trevor,Antiope
Steve Trevor,Ludendorff
Steve Trevor,Ares
Steve Trevor,Sameer
Steve Trevor,Charlie
Steve Trevor,The Chief
Steve Trevor,Etta
Steve Trevor,Dr. Maru
Steve Trevor,Menalippe
Steve Trevor,Artemis
Steve Trevor,Philippus
Steve Trevor,Fausta Grables
Steve Trevor,Venelia
Steve Trevor,Euboea
Steve Trevor,Penthiselea
Steve Trevor,Orana
Steve Trevor,Field Marshall Haig
Steve Trevor,Kaiser Wilhelm II
Steve Trevor,Colonel Darnell
Steve Trevor,Senator Timandra
Steve Trevor,Senator Acantha
Steve Trevor,Epione
Steve Trevor,Mnemosyne
Steve Trevor,Aella
Steve Trevor,Egeria
Steve Trevor,Trigona
Steve Trevor,Niobe
Hippolyta,Antiope
Hippolyta,Ludendorff
Hippolyta,Ares
Hippolyta,Sameer
Hippolyta,Charlie
Hippolyta,The Chief
Hippolyta,Etta
Hippolyta,Dr. Maru
Hippolyta,Menalippe
Hippolyta,Artemis
Hippolyta,Philippus
Hippolyta,Fausta Grables
Hippolyta,Venelia
Hippolyta,Euboea
Hippolyta,Penthiselea
Hippolyta,Orana
Hippolyta,Field Marshall Haig
Hippolyta,Kaiser Wilhelm II
Hippolyta,Colonel Darnell
Hippolyta,Senator Timandra
Hippolyta,Senator Acantha
Hippolyta,Epione
Hippolyta,Mnemosyne
Hippolyta,Aella
Hippolyta,Egeria
Hippolyta,Trigona
Hippolyta,Niobe
Antiope,Ludendorff
Antiope,Ares
Antiope,Sameer
Antiope,Charlie
Antiope,The Chief
Antiope,Etta
Antiope,Dr. Maru
Antiope,Menalippe
Antiope,Artemis
Antiope,Philippus
Antiope,Fausta Grables
Antiope,Venelia
Antiope,Euboea
Antiope,Penthiselea
Antiope,Orana
Antiope,Field Marshall Haig
Antiope,Kaiser Wilhelm II
Antiope,Colonel Darnell
Antiope,Senator Timandra
Antiope,Senator Acantha
Antiope,Epione
Antiope,Mnemosyne
Antiope,Aella
Antiope,Egeria
Antiope,Trigona
Antiope,Niobe
Ludendorff,Ares
Ludendorff,Sameer
Ludendorff,Charlie
Ludendorff,The Chief
Ludendorff,Etta
Ludendorff,Dr. Maru
Ludendorff,Menalippe
Ludendorff,Artemis
Ludendorff,Philippus
Ludendorff,Fausta Grables
Ludendorff,Venelia
Ludendorff,Euboea
Ludendorff,Penthiselea
Ludendorff,Orana
Ludendorff,Field Marshall Haig
Ludendorff,Kaiser Wilhelm II
Ludendorff,Colonel Darnell
Ludendorff,Senator Timandra
Ludendorff,Senator Acantha
Ludendorff,Epione
Ludendorff,Mnemosyne
Ludendorff,Aella
Ludendorff,Egeria
Ludendorff,Trigona
Ludendorff,Niobe
Ares,Sameer
Ares,Charlie
Ares,The Chief
Ares,Etta
Ares,Dr. Maru
Ares,Menalippe
Ares,Artemis
Ares,Philippus
Ares,Fausta Grables
Ares,Venelia
Ares,Euboea
Ares,Penthiselea
Ares,Orana
Ares,Field Marshall Haig
Ares,Kaiser Wilhelm II
Ares,Colonel Darnell
Ares,Senator Timandra
Ares,Senator Acantha
Ares,Epione
Ares,Mnemosyne
Ares,Aella
Ares,Egeria
Ares,Trigona
Ares,Niobe
Sameer,Charlie
Sameer,The Chief
Sameer,Etta
Sameer,Dr. Maru
Sameer,Menalippe
Sameer,Artemis
Sameer,Philippus
Sameer,Fausta Grables
Sameer,Venelia
Sameer,Euboea
Sameer,Penthiselea
Sameer,Orana
Sameer,Field Marshall Haig
Sameer,Kaiser Wilhelm II
Sameer,Colonel Darnell
Sameer,Senator Timandra
Sameer,Senator Acantha
Sameer,Epione
Sameer,Mnemosyne
Sameer,Aella
Sameer,Egeria
Sameer,Trigona
Sameer,Niobe
Charlie,The Chief
Charlie,Etta
Charlie,Dr. Maru
Charlie,Menalippe
Charlie,Artemis
Charlie,Philippus
Charlie,Fausta Grables
Charlie,Venelia
Charlie,Euboea
Charlie,Penthiselea
Charlie,Orana
Charlie,Field Marshall Haig
Charlie,Kaiser Wilhelm II
Charlie,Colonel Darnell
Charlie,Senator Timandra
Charlie,Senator Acantha
Charlie,Epione
Charlie,Mnemosyne
Charlie,Aella
Charlie,Egeria
Charlie,Trigona
Charlie,Niobe
The Chief,Etta
The Chief,Dr. Maru
The Chief,Menalippe
The Chief,Artemis
The Chief,Philippus
The Chief,Fausta Grables
The Chief,Venelia
The Chief,Euboea
The Chief,Penthiselea
The Chief,Orana
The Chief,Field Marshall Haig
The Chief,Kaiser Wilhelm II
The Chief,Colonel Darnell
The Chief,Senator Timandra
The Chief,Senator Acantha
The Chief,Epione
The Chief,Mnemosyne
The Chief,Aella
The Chief,Egeria
The Chief,Trigona
The Chief,Niobe
Etta,Dr. Maru
Etta,Menalippe
Etta,Artemis
Etta,Philippus
Etta,Fausta Grables
Etta,Venelia
Etta,Euboea
Etta,Penthiselea
Etta,Orana
Etta,Field Marshall Haig
Etta,Kaiser Wilhelm II
Etta,Colonel Darnell
Etta,Senator Timandra
Etta,Senator Acantha
Etta,Epione
Etta,Mnemosyne
Etta,Aella
Etta,Egeria
Etta,Trigona
Etta,Niobe
Dr. Maru,Menalippe
Dr. Maru,Artemis
Dr. Maru,Philippus
Dr. Maru,Fausta Grables
Dr. Maru,Venelia
Dr. Maru,Euboea
Dr. Maru,Penthiselea
Dr. Maru,Orana
Dr. Maru,Field Marshall Haig
Dr. Maru,Kaiser Wilhelm II
Dr. Maru,Colonel Darnell
Dr. Maru,Senator Timandra
Dr. Maru,Senator Acantha
Dr. Maru,Epione
Dr. Maru,Mnemosyne
Dr. Maru,Aella
Dr. Maru,Egeria
Dr. Maru,Trigona
Dr. Maru,Niobe
Menalippe,Artemis
Menalippe,Philippus
Menalippe,Fausta Grables
Menalippe,Venelia
Menalippe,Euboea
Menalippe,Penthiselea
Menalippe,Orana
Menalippe,Field Marshall Haig
Menalippe,Kaiser Wilhelm II
Menalippe,Colonel Darnell
Menalippe,Senator Timandra
Menalippe,Senator Acantha
Menalippe,Epione
Menalippe,Mnemosyne
Menalippe,Aella
Menalippe,Egeria
Menalippe,Trigona
Menalippe,Niobe
Artemis,Philippus
Artemis,Fausta Grables
Artemis,Venelia
Artemis,Euboea
Artemis,Penthiselea
Artemis,Orana
Artemis,Field Marshall Haig
Artemis,Kaiser Wilhelm II
Artemis,Colonel Darnell
Artemis,Senator Timandra
Artemis,Senator Acantha
Artemis,Epione
Artemis,Mnemosyne
Artemis,Aella
Artemis,Egeria
Artemis,Trigona
Artemis,Niobe
Philippus,Fausta Grables
Philippus,Venelia
Philippus,Euboea
Philippus,Penthiselea
Philippus,Orana
Philippus,Field Marshall Haig
Philippus,Kaiser Wilhelm II
Philippus,Colonel Darnell
Philippus,Senator Timandra
Philippus,Senator Acantha
Philippus,Epione
Philippus,Mnemosyne
Philippus,Aella
Philippus,Egeria
Philippus,Trigona
Philippus,Niobe
Fausta Grables,Venelia
Fausta Grables,Euboea
Fausta Grables,Penthiselea
Fausta Grables,Orana
Fausta Grables,Field Marshall Haig
Fausta Grables,Kaiser Wilhelm II
Fausta Grables,Colonel Darnell
Fausta Grables,Senator Timandra
Fausta Grables,Senator Acantha
Fausta Grables,Epione
Fausta Grables,Mnemosyne
Fausta Grables,Aella
Fausta Grables,Egeria
Fausta Grables,Trigona
Fausta Grables,Niobe
Venelia,Euboea
Venelia,Penthiselea
Venelia,Orana
Venelia,Field Marshall Haig
Venelia,Kaiser Wilhelm II
Venelia,Colonel Darnell
Venelia,Senator Timandra
Venelia,Senator Acantha
Venelia,Epione
Venelia,Mnemosyne
Venelia,Aella
Venelia,Egeria
Venelia,Trigona
Venelia,Niobe
Euboea,Penthiselea
Euboea,Orana
Euboea,Field Marshall Haig
Euboea,Kaiser Wilhelm II
Euboea,Colonel Darnell
Euboea,Senator Timandra
Euboea,Senator Acantha
Euboea,Epione
Euboea,Mnemosyne
Euboea,Aella
Euboea,Egeria
Euboea,Trigona
Euboea,Niobe
Penthiselea,Orana
Penthiselea,Field Marshall Haig
Penthiselea,Kaiser Wilhelm II
Penthiselea,Colonel Darnell
Penthiselea,Senator Timandra
Penthiselea,Senator Acantha
Penthiselea,Epione
Penthiselea,Mnemosyne
Penthiselea,Aella
Penthiselea,Egeria
Penthiselea,Trigona
Penthiselea,Niobe
Orana,Field Marshall Haig
Orana,Kaiser Wilhelm II
Orana,Colonel Darnell
Orana,Senator Timandra
Orana,Senator Acantha
Orana,Epione
Orana,Mnemosyne
Orana,Aella
Orana,Egeria
Orana,Trigona
Orana,Niobe
Field Marshall Haig,Kaiser Wilhelm II
Field Marshall Haig,Colonel Darnell
Field Marshall Haig,Senator Timandra
Field Marshall Haig,Senator Acantha
Field Marshall Haig,Epione
Field Marshall Haig,Mnemosyne
Field Marshall Haig,Aella
Field Marshall Haig,Egeria
Field Marshall Haig,Trigona
Field Marshall Haig,Niobe
Kaiser Wilhelm II,Colonel Darnell
Kaiser Wilhelm II,Senator Timandra
Kaiser Wilhelm II,Senator Acantha
Kaiser Wilhelm II,Epione
Kaiser Wilhelm II,Mnemosyne
Kaiser Wilhelm II,Aella
Kaiser Wilhelm II,Egeria
Kaiser Wilhelm II,Trigona
Kaiser Wilhelm II,Niobe
Colonel Darnell,Senator Timandra
Colonel Darnell,Senator Acantha
Colonel Darnell,Epione
Colonel Darnell,Mnemosyne
Colonel Darnell,Aella
Colonel Darnell,Egeria
Colonel Darnell,Trigona
Colonel Darnell,Niobe
Senator Timandra,Senator Acantha
Senator Timandra,Epione
Senator Timandra,Mnemosyne
Senator Timandra,Aella
Senator Timandra,Egeria
Senator Timandra,Trigona
Senator Timandra,Niobe
Senator Acantha,Epione
Senator Acantha,Mnemosyne
Senator Acantha,Aella
Senator Acantha,Egeria
Senator Acantha,Trigona
Senator Acantha,Niobe
Epione,Mnemosyne
Epione,Aella
Epione,Egeria
Epione,Trigona
Epione,Niobe
Mnemosyne,Aella
Mnemosyne,Egeria
Mnemosyne,Trigona
Mnemosyne,Niobe
Aella,Egeria
Aella,Trigona
Aella,Niobe
Egeria,Trigona
Egeria,Niobe
Trigona,Niobe
