NAME 1,NAME 2
Deadshot,Sergeant Ames Bravo 14
Deadshot,Griggs
Deadshot,Harley Quinn
Deadshot,Amanda Waller
Deadshot,Dexter Tolliver
Deadshot,Zoe
Deadshot,The Joker
Deadshot,Panda Man
Deadshot,Frost
Deadshot,Monster T
Deadshot,George Harkness / Captain Boomerang
Deadshot,The Flash
Deadshot,Diablo
Deadshot,Killer Croc
Deadshot,June Moone / Enchantress
Deadshot,Rick Flag
Deadshot,Dr. Van Chris
Deadshot,Lieutenant GQ Edwards
Deadshot,Slipknot
Deadshot,Katana
Deadshot,Bruce Wayne / Batman
Sergeant Ames Bravo 14,Griggs
Sergeant Ames Bravo 14,Harley Quinn
Sergeant Ames Bravo 14,Amanda Waller
Sergeant Ames Bravo 14,Dexter Tolliver
Sergeant Ames Bravo 14,Zoe
Sergeant Ames Bravo 14,The Joker
Sergeant Ames Bravo 14,Panda Man
Sergeant Ames Bravo 14,Frost
Sergeant Ames Bravo 14,Monster T
Sergeant Ames Bravo 14,George Harkness / Captain Boomerang
Sergeant Ames Bravo 14,The Flash
Sergeant Ames Bravo 14,Diablo
Sergeant Ames Bravo 14,Killer Croc
Sergeant Ames Bravo 14,June Moone / Enchantress
Sergeant Ames Bravo 14,Rick Flag
Sergeant Ames Bravo 14,Dr. Van Chris
Sergeant Ames Bravo 14,Lieutenant GQ Edwards
Sergeant Ames Bravo 14,Slipknot
Sergeant Ames Bravo 14,Katana
Sergeant Ames Bravo 14,Bruce Wayne / Batman
Griggs,Harley Quinn
Griggs,Amanda Waller
Griggs,Dexter Tolliver
Griggs,Zoe
Griggs,The Joker
Griggs,Panda Man
Griggs,Frost
Griggs,Monster T
Griggs,George Harkness / Captain Boomerang
Griggs,The Flash
Griggs,Diablo
Griggs,Killer Croc
Griggs,June Moone / Enchantress
Griggs,Rick Flag
Griggs,Dr. Van Chris
Griggs,Lieutenant GQ Edwards
Griggs,Slipknot
Griggs,Katana
Griggs,Bruce Wayne / Batman
Harley Quinn,Amanda Waller
Harley Quinn,Dexter Tolliver
Harley Quinn,Zoe
Harley Quinn,The Joker
Harley Quinn,Panda Man
Harley Quinn,Frost
Harley Quinn,Monster T
Harley Quinn,George Harkness / Captain Boomerang
Harley Quinn,The Flash
Harley Quinn,Diablo
Harley Quinn,Killer Croc
Harley Quinn,June Moone / Enchantress
Harley Quinn,Rick Flag
Harley Quinn,Dr. Van Chris
Harley Quinn,Lieutenant GQ Edwards
Harley Quinn,Slipknot
Harley Quinn,Katana
Harley Quinn,Bruce Wayne / Batman
Amanda Waller,Dexter Tolliver
Amanda Waller,Zoe
Amanda Waller,The Joker
Amanda Waller,Panda Man
Amanda Waller,Frost
Amanda Waller,Monster T
Amanda Waller,George Harkness / Captain Boomerang
Amanda Waller,The Flash
Amanda Waller,Diablo
Amanda Waller,Killer Croc
Amanda Waller,June Moone / Enchantress
Amanda Waller,Rick Flag
Amanda Waller,Dr. Van Chris
Amanda Waller,Lieutenant GQ Edwards
Amanda Waller,Slipknot
Amanda Waller,Katana
Amanda Waller,Bruce Wayne / Batman
Dexter Tolliver,Zoe
Dexter Tolliver,The Joker
Dexter Tolliver,Panda Man
Dexter Tolliver,Frost
Dexter Tolliver,Monster T
Dexter Tolliver,George Harkness / Captain Boomerang
Dexter Tolliver,The Flash
Dexter Tolliver,Diablo
Dexter Tolliver,Killer Croc
Dexter Tolliver,June Moone / Enchantress
Dexter Tolliver,Rick Flag
Dexter Tolliver,Dr. Van Chris
Dexter Tolliver,Lieutenant GQ Edwards
Dexter Tolliver,Slipknot
Dexter Tolliver,Katana
Dexter Tolliver,Bruce Wayne / Batman
Zoe,The Joker
Zoe,Panda Man
Zoe,Frost
Zoe,Monster T
Zoe,George Harkness / Captain Boomerang
Zoe,The Flash
Zoe,Diablo
Zoe,Killer Croc
Zoe,June Moone / Enchantress
Zoe,Rick Flag
Zoe,Dr. Van Chris
Zoe,Lieutenant GQ Edwards
Zoe,Slipknot
Zoe,Katana
Zoe,Bruce Wayne / Batman
The Joker,Panda Man
The Joker,Frost
The Joker,Monster T
The Joker,George Harkness / Captain Boomerang
The Joker,The Flash
The Joker,Diablo
The Joker,Killer Croc
The Joker,June Moone / Enchantress
The Joker,Rick Flag
The Joker,Dr. Van Chris
The Joker,Lieutenant GQ Edwards
The Joker,Slipknot
The Joker,Katana
The Joker,Bruce Wayne / Batman
Panda Man,Frost
Panda Man,Monster T
Panda Man,George Harkness / Captain Boomerang
Panda Man,The Flash
Panda Man,Diablo
Panda Man,Killer Croc
Panda Man,June Moone / Enchantress
Panda Man,Rick Flag
Panda Man,Dr. Van Chris
Panda Man,Lieutenant GQ Edwards
Panda Man,Slipknot
Panda Man,Katana
Panda Man,Bruce Wayne / Batman
Frost,Monster T
Frost,George Harkness / Captain Boomerang
Frost,The Flash
Frost,Diablo
Frost,Killer Croc
Frost,June Moone / Enchantress
Frost,Rick Flag
Frost,Dr. Van Chris
Frost,Lieutenant GQ Edwards
Frost,Slipknot
Frost,Katana
Frost,Bruce Wayne / Batman
Monster T,George Harkness / Captain Boomerang
Monster T,The Flash
Monster T,Diablo
Monster T,Killer Croc
Monster T,June Moone / Enchantress
Monster T,Rick Flag
Monster T,Dr. Van Chris
Monster T,Lieutenant GQ Edwards
Monster T,Slipknot
Monster T,Katana
Monster T,Bruce Wayne / Batman
George Harkness / Captain Boomerang,The Flash
George Harkness / Captain Boomerang,Diablo
George Harkness / Captain Boomerang,Killer Croc
George Harkness / Captain Boomerang,June Moone / Enchantress
George Harkness / Captain Boomerang,Rick Flag
George Harkness / Captain Boomerang,Dr. Van Chris
George Harkness / Captain Boomerang,Lieutenant GQ Edwards
George Harkness / Captain Boomerang,Slipknot
George Harkness / Captain Boomerang,Katana
George Harkness / Captain Boomerang,Bruce Wayne / Batman
The Flash,Diablo
The Flash,Killer Croc
The Flash,June Moone / Enchantress
The Flash,Rick Flag
The Flash,Dr. Van Chris
The Flash,Lieutenant GQ Edwards
The Flash,Slipknot
The Flash,Katana
The Flash,Bruce Wayne / Batman
Diablo,Killer Croc
Diablo,June Moone / Enchantress
Diablo,Rick Flag
Diablo,Dr. Van Chris
Diablo,Lieutenant GQ Edwards
Diablo,Slipknot
Diablo,Katana
Diablo,Bruce Wayne / Batman
Killer Croc,June Moone / Enchantress
Killer Croc,Rick Flag
Killer Croc,Dr. Van Chris
Killer Croc,Lieutenant GQ Edwards
Killer Croc,Slipknot
Killer Croc,Katana
Killer Croc,Bruce Wayne / Batman
June Moone / Enchantress,Rick Flag
June Moone / Enchantress,Dr. Van Chris
June Moone / Enchantress,Lieutenant GQ Edwards
June Moone / Enchantress,Slipknot
June Moone / Enchantress,Katana
June Moone / Enchantress,Bruce Wayne / Batman
Rick Flag,Dr. Van Chris
Rick Flag,Lieutenant GQ Edwards
Rick Flag,Slipknot
Rick Flag,Katana
Rick Flag,Bruce Wayne / Batman
Dr. Van Chris,Lieutenant GQ Edwards
Dr. Van Chris,Slipknot
Dr. Van Chris,Katana
Dr. Van Chris,Bruce Wayne / Batman
Lieutenant GQ Edwards,Slipknot
Lieutenant GQ Edwards,Katana
Lieutenant GQ Edwards,Bruce Wayne / Batman
Slipknot,Katana
Slipknot,Bruce Wayne / Batman
Katana,Bruce Wayne / Batman
