NAME 1,NAME 2
Superman / Clark Kent,Lois Lane
Superman / Clark Kent,Zod
Superman / Clark Kent,Martha Kent
Superman / Clark Kent,Jor-El
Superman / Clark Kent,Faora-Ul
Superman / Clark Kent,General Swanwick
Superman / Clark Kent,Dr. Emil Hamilton
Superman / Clark Kent,Colonel Nathan Hardy
Superman / Clark Kent,Jonathan Kent
Superman / Clark Kent,Lara Lor-Van
Superman / Clark Kent,Perry White
Superman / Clark Kent,Lor-Em
Superman / Clark Kent,Ro-Zar
Superman / Clark Kent,Steve Lombard
Superman / Clark Kent,Jenny
Superman / Clark Kent,Major Carrie Farris
Superman / Clark Kent,Father Leone
Superman / Clark Kent,Glen Woodburn
Superman / Clark Kent,Helen Ross
Superman / Clark Kent,Kelor
Superman / Clark Kent,Tor-An
Superman / Clark Kent,Jax-Ur
Superman / Clark Kent,Car-Vex
Superman / Clark Kent,Major Laramore
Superman / Clark Kent,Jed Eubanks
Superman / Clark Kent,Heraldson
Superman / Clark Kent,Officer Sekowsky
Superman / Clark Kent,Lana Lang
Superman / Clark Kent,Whitney Fordham
Superman / Clark Kent,Ms. Rampling
Superman / Clark Kent,Ludlow
Superman / Clark Kent,Weaver
Superman / Clark Kent,Pete Ross
Superman / Clark Kent,Ken Braverman
Superman / Clark Kent,Dev-Em
Superman / Clark Kent,Nadira
Superman / Clark Kent,Sergeant Vance
Lois Lane,Zod
Lois Lane,Martha Kent
Lois Lane,Jor-El
Lois Lane,Faora-Ul
Lois Lane,General Swanwick
Lois Lane,Dr. Emil Hamilton
Lois Lane,Colonel Nathan Hardy
Lois Lane,Jonathan Kent
Lois Lane,Lara Lor-Van
Lois Lane,Perry White
Lois Lane,Lor-Em
Lois Lane,Ro-Zar
Lois Lane,Steve Lombard
Lois Lane,Jenny
Lois Lane,Major Carrie Farris
Lois Lane,Father Leone
Lois Lane,Glen Woodburn
Lois Lane,Helen Ross
Lois Lane,Kelor
Lois Lane,Tor-An
Lois Lane,Jax-Ur
Lois Lane,Car-Vex
Lois Lane,Major Laramore
Lois Lane,Jed Eubanks
Lois Lane,Heraldson
Lois Lane,Officer Sekowsky
Lois Lane,Lana Lang
Lois Lane,Whitney Fordham
Lois Lane,Ms. Rampling
Lois Lane,Ludlow
Lois Lane,Weaver
Lois Lane,Pete Ross
Lois Lane,Ken Braverman
Lois Lane,Dev-Em
Lois Lane,Nadira
Lois Lane,Sergeant Vance
Zod,Martha Kent
Zod,Jor-El
Zod,Faora-Ul
Zod,General Swanwick
Zod,Dr. Emil Hamilton
Zod,Colonel Nathan Hardy
Zod,Jonathan Kent
Zod,Lara Lor-Van
Zod,Perry White
Zod,Lor-Em
Zod,Ro-Zar
Zod,Steve Lombard
Zod,Jenny
Zod,Major Carrie Farris
Zod,Father Leone
Zod,Glen Woodburn
Zod,Helen Ross
Zod,Kelor
Zod,Tor-An
Zod,Jax-Ur
Zod,Car-Vex
Zod,Major Laramore
Zod,Jed Eubanks
Zod,Heraldson
Zod,Officer Sekowsky
Zod,Lana Lang
Zod,Whitney Fordham
Zod,Ms. Rampling
Zod,Ludlow
Zod,Weaver
Zod,Pete Ross
Zod,Ken Braverman
Zod,Dev-Em
Zod,Nadira
Zod,Sergeant Vance
Martha Kent,Jor-El
Martha Kent,Faora-Ul
Martha Kent,General Swanwick
Martha Kent,Dr. Emil Hamilton
Martha Kent,Colonel Nathan Hardy
Martha Kent,Jonathan Kent
Martha Kent,Lara Lor-Van
Martha Kent,Perry White
Martha Kent,Lor-Em
Martha Kent,Ro-Zar
Martha Kent,Steve Lombard
Martha Kent,Jenny
Martha Kent,Major Carrie Farris
Martha Kent,Father Leone
Martha Kent,Glen Woodburn
Martha Kent,Helen Ross
Martha Kent,Kelor
Martha Kent,Tor-An
Martha Kent,Jax-Ur
Martha Kent,Car-Vex
Martha Kent,Major Laramore
Martha Kent,Jed Eubanks
Martha Kent,Heraldson
Martha Kent,Officer Sekowsky
Martha Kent,Lana Lang
Martha Kent,Whitney Fordham
Martha Kent,Ms. Rampling
Martha Kent,Ludlow
Martha Kent,Weaver
Martha Kent,Pete Ross
Martha Kent,Ken Braverman
Martha Kent,Dev-Em
Martha Kent,Nadira
Martha Kent,Sergeant Vance
Jor-El,Faora-Ul
Jor-El,General Swanwick
Jor-El,Dr. Emil Hamilton
Jor-El,Colonel Nathan Hardy
Jor-El,Jonathan Kent
Jor-El,Lara Lor-Van
Jor-El,Perry White
Jor-El,Lor-Em
Jor-El,Ro-Zar
Jor-El,Steve Lombard
Jor-El,Jenny
Jor-El,Major Carrie Farris
Jor-El,Father Leone
Jor-El,Glen Woodburn
Jor-El,Helen Ross
Jor-El,Kelor
Jor-El,Tor-An
Jor-El,Jax-Ur
Jor-El,Car-Vex
Jor-El,Major Laramore
Jor-El,Jed Eubanks
Jor-El,Heraldson
Jor-El,Officer Sekowsky
Jor-El,Lana Lang
Jor-El,Whitney Fordham
Jor-El,Ms. Rampling
Jor-El,Ludlow
Jor-El,Weaver
Jor-El,Pete Ross
Jor-El,Ken Braverman
Jor-El,Dev-Em
Jor-El,Nadira
Jor-El,Sergeant Vance
Faora-Ul,General Swanwick
Faora-Ul,Dr. Emil Hamilton
Faora-Ul,Colonel Nathan Hardy
Faora-Ul,Jonathan Kent
Faora-Ul,Lara Lor-Van
Faora-Ul,Perry White
Faora-Ul,Lor-Em
Faora-Ul,Ro-Zar
Faora-Ul,Steve Lombard
Faora-Ul,Jenny
Faora-Ul,Major Carrie Farris
Faora-Ul,Father Leone
Faora-Ul,Glen Woodburn
Faora-Ul,Helen Ross
Faora-Ul,Kelor
Faora-Ul,Tor-An
Faora-Ul,Jax-Ur
Faora-Ul,Car-Vex
Faora-Ul,Major Laramore
Faora-Ul,Jed Eubanks
Faora-Ul,Heraldson
Faora-Ul,Officer Sekowsky
Faora-Ul,Lana Lang
Faora-Ul,Whitney Fordham
Faora-Ul,Ms. Rampling
Faora-Ul,Ludlow
Faora-Ul,Weaver
Faora-Ul,Pete Ross
Faora-Ul,Ken Braverman
Faora-Ul,Dev-Em
Faora-Ul,Nadira
Faora-Ul,Sergeant Vance
General Swanwick,Dr. Emil Hamilton
General Swanwick,Colonel Nathan Hardy
General Swanwick,Jonathan Kent
General Swanwick,Lara Lor-Van
General Swanwick,Perry White
General Swanwick,Lor-Em
General Swanwick,Ro-Zar
General Swanwick,Steve Lombard
General Swanwick,Jenny
General Swanwick,Major Carrie Farris
General Swanwick,Father Leone
General Swanwick,Glen Woodburn
General Swanwick,Helen Ross
General Swanwick,Kelor
General Swanwick,Tor-An
General Swanwick,Jax-Ur
General Swanwick,Car-Vex
General Swanwick,Major Laramore
General Swanwick,Jed Eubanks
General Swanwick,Heraldson
General Swanwick,Officer Sekowsky
General Swanwick,Lana Lang
General Swanwick,Whitney Fordham
General Swanwick,Ms. Rampling
General Swanwick,Ludlow
General Swanwick,Weaver
General Swanwick,Pete Ross
General Swanwick,Ken Braverman
General Swanwick,Dev-Em
General Swanwick,Nadira
General Swanwick,Sergeant Vance
Dr. Emil Hamilton,Colonel Nathan Hardy
Dr. Emil Hamilton,Jonathan Kent
Dr. Emil Hamilton,Lara Lor-Van
Dr. Emil Hamilton,Perry White
Dr. Emil Hamilton,Lor-Em
Dr. Emil Hamilton,Ro-Zar
Dr. Emil Hamilton,Steve Lombard
Dr. Emil Hamilton,Jenny
Dr. Emil Hamilton,Major Carrie Farris
Dr. Emil Hamilton,Father Leone
Dr. Emil Hamilton,Glen Woodburn
Dr. Emil Hamilton,Helen Ross
Dr. Emil Hamilton,Kelor
Dr. Emil Hamilton,Tor-An
Dr. Emil Hamilton,Jax-Ur
Dr. Emil Hamilton,Car-Vex
Dr. Emil Hamilton,Major Laramore
Dr. Emil Hamilton,Jed Eubanks
Dr. Emil Hamilton,Heraldson
Dr. Emil Hamilton,Officer Sekowsky
Dr. Emil Hamilton,Lana Lang
Dr. Emil Hamilton,Whitney Fordham
Dr. Emil Hamilton,Ms. Rampling
Dr. Emil Hamilton,Ludlow
Dr. Emil Hamilton,Weaver
Dr. Emil Hamilton,Pete Ross
Dr. Emil Hamilton,Ken Braverman
Dr. Emil Hamilton,Dev-Em
Dr. Emil Hamilton,Nadira
Dr. Emil Hamilton,Sergeant Vance
Colonel Nathan Hardy,Jonathan Kent
Colonel Nathan Hardy,Lara Lor-Van
Colonel Nathan Hardy,Perry White
Colonel Nathan Hardy,Lor-Em
Colonel Nathan Hardy,Ro-Zar
Colonel Nathan Hardy,Steve Lombard
Colonel Nathan Hardy,Jenny
Colonel Nathan Hardy,Major Carrie Farris
Colonel Nathan Hardy,Father Leone
Colonel Nathan Hardy,Glen Woodburn
Colonel Nathan Hardy,Helen Ross
Colonel Nathan Hardy,Kelor
Colonel Nathan Hardy,Tor-An
Colonel Nathan Hardy,Jax-Ur
Colonel Nathan Hardy,Car-Vex
Colonel Nathan Hardy,Major Laramore
Colonel Nathan Hardy,Jed Eubanks
Colonel Nathan Hardy,Heraldson
Colonel Nathan Hardy,Officer Sekowsky
Colonel Nathan Hardy,Lana Lang
Colonel Nathan Hardy,Whitney Fordham
Colonel Nathan Hardy,Ms. Rampling
Colonel Nathan Hardy,Ludlow
Colonel Nathan Hardy,Weaver
Colonel Nathan Hardy,Pete Ross
Colonel Nathan Hardy,Ken Braverman
Colonel Nathan Hardy,Dev-Em
Colonel Nathan Hardy,Nadira
Colonel Nathan Hardy,Sergeant Vance
Jonathan Kent,Lara Lor-Van
Jonathan Kent,Perry White
Jonathan Kent,Lor-Em
Jonathan Kent,Ro-Zar
Jonathan Kent,Steve Lombard
Jonathan Kent,Jenny
Jonathan Kent,Major Carrie Farris
Jonathan Kent,Father Leone
Jonathan Kent,Glen Woodburn
Jonathan Kent,Helen Ross
Jonathan Kent,Kelor
Jonathan Kent,Tor-An
Jonathan Kent,Jax-Ur
Jonathan Kent,Car-Vex
Jonathan Kent,Major Laramore
Jonathan Kent,Jed Eubanks
Jonathan Kent,Heraldson
Jonathan Kent,Officer Sekowsky
Jonathan Kent,Lana Lang
Jonathan Kent,Whitney Fordham
Jonathan Kent,Ms. Rampling
Jonathan Kent,Ludlow
Jonathan Kent,Weaver
Jonathan Kent,Pete Ross
Jonathan Kent,Ken Braverman
Jonathan Kent,Dev-Em
Jonathan Kent,Nadira
Jonathan Kent,Sergeant Vance
Lara Lor-Van,Perry White
Lara Lor-Van,Lor-Em
Lara Lor-Van,Ro-Zar
Lara Lor-Van,Steve Lombard
Lara Lor-Van,Jenny
Lara Lor-Van,Major Carrie Farris
Lara Lor-Van,Father Leone
Lara Lor-Van,Glen Woodburn
Lara Lor-Van,Helen Ross
Lara Lor-Van,Kelor
Lara Lor-Van,Tor-An
Lara Lor-Van,Jax-Ur
Lara Lor-Van,Car-Vex
Lara Lor-Van,Major Laramore
Lara Lor-Van,Jed Eubanks
Lara Lor-Van,Heraldson
Lara Lor-Van,Officer Sekowsky
Lara Lor-Van,Lana Lang
Lara Lor-Van,Whitney Fordham
Lara Lor-Van,Ms. Rampling
Lara Lor-Van,Ludlow
Lara Lor-Van,Weaver
Lara Lor-Van,Pete Ross
Lara Lor-Van,Ken Braverman
Lara Lor-Van,Dev-Em
Lara Lor-Van,Nadira
Lara Lor-Van,Sergeant Vance
Perry White,Lor-Em
Perry White,Ro-Zar
Perry White,Steve Lombard
Perry White,Jenny
Perry White,Major Carrie Farris
Perry White,Father Leone
Perry White,Glen Woodburn
Perry White,Helen Ross
Perry White,Kelor
Perry White,Tor-An
Perry White,Jax-Ur
Perry White,Car-Vex
Perry White,Major Laramore
Perry White,Jed Eubanks
Perry White,Heraldson
Perry White,Officer Sekowsky
Perry White,Lana Lang
Perry White,Whitney Fordham
Perry White,Ms. Rampling
Perry White,Ludlow
Perry White,Weaver
Perry White,Pete Ross
Perry White,Ken Braverman
Perry White,Dev-Em
Perry White,Nadira
Perry White,Sergeant Vance
Lor-Em,Ro-Zar
Lor-Em,Steve Lombard
Lor-Em,Jenny
Lor-Em,Major Carrie Farris
Lor-Em,Father Leone
Lor-Em,Glen Woodburn
Lor-Em,Helen Ross
Lor-Em,Kelor
Lor-Em,Tor-An
Lor-Em,Jax-Ur
Lor-Em,Car-Vex
Lor-Em,Major Laramore
Lor-Em,Jed Eubanks
Lor-Em,Heraldson
Lor-Em,Officer Sekowsky
Lor-Em,Lana Lang
Lor-Em,Whitney Fordham
Lor-Em,Ms. Rampling
Lor-Em,Ludlow
Lor-Em,Weaver
Lor-Em,Pete Ross
Lor-Em,Ken Braverman
Lor-Em,Dev-Em
Lor-Em,Nadira
Lor-Em,Sergeant Vance
Ro-Zar,Steve Lombard
Ro-Zar,Jenny
Ro-Zar,Major Carrie Farris
Ro-Zar,Father Leone
Ro-Zar,Glen Woodburn
Ro-Zar,Helen Ross
Ro-Zar,Kelor
Ro-Zar,Tor-An
Ro-Zar,Jax-Ur
Ro-Zar,Car-Vex
Ro-Zar,Major Laramore
Ro-Zar,Jed Eubanks
Ro-Zar,Heraldson
Ro-Zar,Officer Sekowsky
Ro-Zar,Lana Lang
Ro-Zar,Whitney Fordham
Ro-Zar,Ms. Rampling
Ro-Zar,Ludlow
Ro-Zar,Weaver
Ro-Zar,Pete Ross
Ro-Zar,Ken Braverman
Ro-Zar,Dev-Em
Ro-Zar,Nadira
Ro-Zar,Sergeant Vance
Steve Lombard,Jenny
Steve Lombard,Major Carrie Farris
Steve Lombard,Father Leone
Steve Lombard,Glen Woodburn
Steve Lombard,Helen Ross
Steve Lombard,Kelor
Steve Lombard,Tor-An
Steve Lombard,Jax-Ur
Steve Lombard,Car-Vex
Steve Lombard,Major Laramore
Steve Lombard,Jed Eubanks
Steve Lombard,Heraldson
Steve Lombard,Officer Sekowsky
Steve Lombard,Lana Lang
Steve Lombard,Whitney Fordham
Steve Lombard,Ms. Rampling
Steve Lombard,Ludlow
Steve Lombard,Weaver
Steve Lombard,Pete Ross
Steve Lombard,Ken Braverman
Steve Lombard,Dev-Em
Steve Lombard,Nadira
Steve Lombard,Sergeant Vance
Jenny,Major Carrie Farris
Jenny,Father Leone
Jenny,Glen Woodburn
Jenny,Helen Ross
Jenny,Kelor
Jenny,Tor-An
Jenny,Jax-Ur
Jenny,Car-Vex
Jenny,Major Laramore
Jenny,Jed Eubanks
Jenny,Heraldson
Jenny,Officer Sekowsky
Jenny,Lana Lang
Jenny,Whitney Fordham
Jenny,Ms. Rampling
Jenny,Ludlow
Jenny,Weaver
Jenny,Pete Ross
Jenny,Ken Braverman
Jenny,Dev-Em
Jenny,Nadira
Jenny,Sergeant Vance
Major Carrie Farris,Father Leone
Major Carrie Farris,Glen Woodburn
Major Carrie Farris,Helen Ross
Major Carrie Farris,Kelor
Major Carrie Farris,Tor-An
Major Carrie Farris,Jax-Ur
Major Carrie Farris,Car-Vex
Major Carrie Farris,Major Laramore
Major Carrie Farris,Jed Eubanks
Major Carrie Farris,Heraldson
Major Carrie Farris,Officer Sekowsky
Major Carrie Farris,Lana Lang
Major Carrie Farris,Whitney Fordham
Major Carrie Farris,Ms. Rampling
Major Carrie Farris,Ludlow
Major Carrie Farris,Weaver
Major Carrie Farris,Pete Ross
Major Carrie Farris,Ken Braverman
Major Carrie Farris,Dev-Em
Major Carrie Farris,Nadira
Major Carrie Farris,Sergeant Vance
Father Leone,Glen Woodburn
Father Leone,Helen Ross
Father Leone,Kelor
Father Leone,Tor-An
Father Leone,Jax-Ur
Father Leone,Car-Vex
Father Leone,Major Laramore
Father Leone,Jed Eubanks
Father Leone,Heraldson
Father Leone,Officer Sekowsky
Father Leone,Lana Lang
Father Leone,Whitney Fordham
Father Leone,Ms. Rampling
Father Leone,Ludlow
Father Leone,Weaver
Father Leone,Pete Ross
Father Leone,Ken Braverman
Father Leone,Dev-Em
Father Leone,Nadira
Father Leone,Sergeant Vance
Glen Woodburn,Helen Ross
Glen Woodburn,Kelor
Glen Woodburn,Tor-An
Glen Woodburn,Jax-Ur
Glen Woodburn,Car-Vex
Glen Woodburn,Major Laramore
Glen Woodburn,Jed Eubanks
Glen Woodburn,Heraldson
Glen Woodburn,Officer Sekowsky
Glen Woodburn,Lana Lang
Glen Woodburn,Whitney Fordham
Glen Woodburn,Ms. Rampling
Glen Woodburn,Ludlow
Glen Woodburn,Weaver
Glen Woodburn,Pete Ross
Glen Woodburn,Ken Braverman
Glen Woodburn,Dev-Em
Glen Woodburn,Nadira
Glen Woodburn,Sergeant Vance
Helen Ross,Kelor
Helen Ross,Tor-An
Helen Ross,Jax-Ur
Helen Ross,Car-Vex
Helen Ross,Major Laramore
Helen Ross,Jed Eubanks
Helen Ross,Heraldson
Helen Ross,Officer Sekowsky
Helen Ross,Lana Lang
Helen Ross,Whitney Fordham
Helen Ross,Ms. Rampling
Helen Ross,Ludlow
Helen Ross,Weaver
Helen Ross,Pete Ross
Helen Ross,Ken Braverman
Helen Ross,Dev-Em
Helen Ross,Nadira
Helen Ross,Sergeant Vance
Kelor,Tor-An
Kelor,Jax-Ur
Kelor,Car-Vex
Kelor,Major Laramore
Kelor,Jed Eubanks
Kelor,Heraldson
Kelor,Officer Sekowsky
Kelor,Lana Lang
Kelor,Whitney Fordham
Kelor,Ms. Rampling
Kelor,Ludlow
Kelor,Weaver
Kelor,Pete Ross
Kelor,Ken Braverman
Kelor,Dev-Em
Kelor,Nadira
Kelor,Sergeant Vance
Tor-An,Jax-Ur
Tor-An,Car-Vex
Tor-An,Major Laramore
Tor-An,Jed Eubanks
Tor-An,Heraldson
Tor-An,Officer Sekowsky
Tor-An,Lana Lang
Tor-An,Whitney Fordham
Tor-An,Ms. Rampling
Tor-An,Ludlow
Tor-An,Weaver
Tor-An,Pete Ross
Tor-An,Ken Braverman
Tor-An,Dev-Em
Tor-An,Nadira
Tor-An,Sergeant Vance
Jax-Ur,Car-Vex
Jax-Ur,Major Laramore
Jax-Ur,Jed Eubanks
Jax-Ur,Heraldson
Jax-Ur,Officer Sekowsky
Jax-Ur,Lana Lang
Jax-Ur,Whitney Fordham
Jax-Ur,Ms. Rampling
Jax-Ur,Ludlow
Jax-Ur,Weaver
Jax-Ur,Pete Ross
Jax-Ur,Ken Braverman
Jax-Ur,Dev-Em
Jax-Ur,Nadira
Jax-Ur,Sergeant Vance
Car-Vex,Major Laramore
Car-Vex,Jed Eubanks
Car-Vex,Heraldson
Car-Vex,Officer Sekowsky
Car-Vex,Lana Lang
Car-Vex,Whitney Fordham
Car-Vex,Ms. Rampling
Car-Vex,Ludlow
Car-Vex,Weaver
Car-Vex,Pete Ross
Car-Vex,Ken Braverman
Car-Vex,Dev-Em
Car-Vex,Nadira
Car-Vex,Sergeant Vance
Major Laramore,Jed Eubanks
Major Laramore,Heraldson
Major Laramore,Officer Sekowsky
Major Laramore,Lana Lang
Major Laramore,Whitney Fordham
Major Laramore,Ms. Rampling
Major Laramore,Ludlow
Major Laramore,Weaver
Major Laramore,Pete Ross
Major Laramore,Ken Braverman
Major Laramore,Dev-Em
Major Laramore,Nadira
Major Laramore,Sergeant Vance
Jed Eubanks,Heraldson
Jed Eubanks,Officer Sekowsky
Jed Eubanks,Lana Lang
Jed Eubanks,Whitney Fordham
Jed Eubanks,Ms. Rampling
Jed Eubanks,Ludlow
Jed Eubanks,Weaver
Jed Eubanks,Pete Ross
Jed Eubanks,Ken Braverman
Jed Eubanks,Dev-Em
Jed Eubanks,Nadira
Jed Eubanks,Sergeant Vance
Heraldson,Officer Sekowsky
Heraldson,Lana Lang
Heraldson,Whitney Fordham
Heraldson,Ms. Rampling
Heraldson,Ludlow
Heraldson,Weaver
Heraldson,Pete Ross
Heraldson,Ken Braverman
Heraldson,Dev-Em
Heraldson,Nadira
Heraldson,Sergeant Vance
Officer Sekowsky,Lana Lang
Officer Sekowsky,Whitney Fordham
Officer Sekowsky,Ms. Rampling
Officer Sekowsky,Ludlow
Officer Sekowsky,Weaver
Officer Sekowsky,Pete Ross
Officer Sekowsky,Ken Braverman
Officer Sekowsky,Dev-Em
Officer Sekowsky,Nadira
Officer Sekowsky,Sergeant Vance
Lana Lang,Whitney Fordham
Lana Lang,Ms. Rampling
Lana Lang,Ludlow
Lana Lang,Weaver
Lana Lang,Pete Ross
Lana Lang,Ken Braverman
Lana Lang,Dev-Em
Lana Lang,Nadira
Lana Lang,Sergeant Vance
Whitney Fordham,Ms. Rampling
Whitney Fordham,Ludlow
Whitney Fordham,Weaver
Whitney Fordham,Pete Ross
Whitney Fordham,Ken Braverman
Whitney Fordham,Dev-Em
Whitney Fordham,Nadira
Whitney Fordham,Sergeant Vance
Ms. Rampling,Ludlow
Ms. Rampling,Weaver
Ms. Rampling,Pete Ross
Ms. Rampling,Ken Braverman
Ms. Rampling,Dev-Em
Ms. Rampling,Nadira
Ms. Rampling,Sergeant Vance
Ludlow,Weaver
Ludlow,Pete Ross
Ludlow,Ken Braverman
Ludlow,Dev-Em
Ludlow,Nadira
Ludlow,Sergeant Vance
Weaver,Pete Ross
Weaver,Ken Braverman
Weaver,Dev-Em
Weaver,Nadira
Weaver,Sergeant Vance
Pete Ross,Ken Braverman
Pete Ross,Dev-Em
Pete Ross,Nadira
Pete Ross,Sergeant Vance
Ken Braverman,Dev-Em
Ken Braverman,Nadira
Ken Braverman,Sergeant Vance
Dev-Em,Nadira
Dev-Em,Sergeant Vance
Nadira,Sergeant Vance
