NAME 1,NAME 2
Bruce Wayne / Batman,Jim Gordon
Bruce Wayne / Batman,Lois
Bruce Wayne / Batman,Lex Luthor
Bruce Wayne / Batman,Martha Kent
Bruce Wayne / Batman,Perry White
Bruce Wayne / Batman,Alfred
Bruce Wayne / Batman,Senator Finch
Bruce Wayne / Batman,Wonder Woman / Diana Prince
Bruce Wayne / Batman,Wallace Keefe
Bruce Wayne / Batman,Anatoli Knyazev
Bruce Wayne / Batman,Mercy Graves
Bruce Wayne / Batman,Martha Wayne
Bruce Wayne / Batman,Sage
Bruce Wayne / Batman,General Amajagh
Bruce Wayne / Batman,Jimmy Olsen
Bruce Wayne / Batman,Cesar Santos
Bruce Wayne / Batman,Jenny
Bruce Wayne / Batman,Swanwick
Bruce Wayne / Batman,Neil deGrasse Tyson
Bruce Wayne / Batman,The Flash / Barry Allen
Bruce Wayne / Batman,Jonathan Kent
Bruce Wayne / Batman,Adriana Santos
Bruce Wayne / Batman,Thomas Wayne
Bruce Wayne / Batman,Jack O' Dwyer
Bruce Wayne / Batman,Zod
Bruce Wayne / Batman,Kahina Ziri
Bruce Wayne / Batman,Senator Barrows
Bruce Wayne / Batman,Officer Mazzuccheli
Bruce Wayne / Batman,Officer Rucka
Bruce Wayne / Batman,Kent Shocknek
Bruce Wayne / Batman,Emmet Vale
Bruce Wayne / Batman,Major Carrie Farris
Bruce Wayne / Batman,Carmen
Bruce Wayne / Batman,Vikram Gandhi
Bruce Wayne / Batman,Andrew Sullivan
Bruce Wayne / Batman,Charlie Rose
Bruce Wayne / Batman,Glen Woodburn
Bruce Wayne / Batman,Soledad O'Brien
Bruce Wayne / Batman,Dana Bash
Bruce Wayne / Batman,Senator Purrington
Bruce Wayne / Batman,Nancy Grace
Bruce Wayne / Batman,Arthur Curry / Aquaman
Bruce Wayne / Batman,Silas
Bruce Wayne / Batman,Cyborg / Victor Stone
Bruce Wayne / Batman,Erika Erickson
Bruce Wayne / Batman,Anderson Cooper
Bruce Wayne / Batman,Brooke Baldwin
Bruce Wayne / Batman,Father Leone
Bruce Wayne / Batman,Pete Ross
Bruce Wayne / Batman,Lana Lang
Bruce Wayne / Batman,Jon Stewart
Jim Gordon,Lois
Jim Gordon,Lex Luthor
Jim Gordon,Martha Kent
Jim Gordon,Perry White
Jim Gordon,Alfred
Jim Gordon,Senator Finch
Jim Gordon,Wonder Woman / Diana Prince
Jim Gordon,Wallace Keefe
Jim Gordon,Anatoli Knyazev
Jim Gordon,Mercy Graves
Jim Gordon,Martha Wayne
Jim Gordon,Sage
Jim Gordon,General Amajagh
Jim Gordon,Jimmy Olsen
Jim Gordon,Cesar Santos
Jim Gordon,Jenny
Jim Gordon,Swanwick
Jim Gordon,Neil deGrasse Tyson
Jim Gordon,The Flash / Barry Allen
Jim Gordon,Jonathan Kent
Jim Gordon,Adriana Santos
Jim Gordon,Thomas Wayne
Jim Gordon,Jack O' Dwyer
Jim Gordon,Zod
Jim Gordon,Kahina Ziri
Jim Gordon,Senator Barrows
Jim Gordon,Officer Mazzuccheli
Jim Gordon,Officer Rucka
Jim Gordon,Kent Shocknek
Jim Gordon,Emmet Vale
Jim Gordon,Major Carrie Farris
Jim Gordon,Carmen
Jim Gordon,Vikram Gandhi
Jim Gordon,Andrew Sullivan
Jim Gordon,Charlie Rose
Jim Gordon,Glen Woodburn
Jim Gordon,Soledad O'Brien
Jim Gordon,Dana Bash
Jim Gordon,Senator Purrington
Jim Gordon,Nancy Grace
Jim Gordon,Arthur Curry / Aquaman
Jim Gordon,Silas
Jim Gordon,Cyborg / Victor Stone
Jim Gordon,Erika Erickson
Jim Gordon,Anderson Cooper
Jim Gordon,Brooke Baldwin
Jim Gordon,Father Leone
Jim Gordon,Pete Ross
Jim Gordon,Lana Lang
Jim Gordon,Jon Stewart
Lois,Lex Luthor
Lois,Martha Kent
Lois,Perry White
Lois,Alfred
Lois,Senator Finch
Lois,Wonder Woman / Diana Prince
Lois,Wallace Keefe
Lois,Anatoli Knyazev
Lois,Mercy Graves
Lois,Martha Wayne
Lois,Sage
Lois,General Amajagh
Lois,Jimmy Olsen
Lois,Cesar Santos
Lois,Jenny
Lois,Swanwick
Lois,Neil deGrasse Tyson
Lois,The Flash / Barry Allen
Lois,Jonathan Kent
Lois,Adriana Santos
Lois,Thomas Wayne
Lois,Jack O' Dwyer
Lois,Zod
Lois,Kahina Ziri
Lois,Senator Barrows
Lois,Officer Mazzuccheli
Lois,Officer Rucka
Lois,Kent Shocknek
Lois,Emmet Vale
Lois,Major Carrie Farris
Lois,Carmen
Lois,Vikram Gandhi
Lois,Andrew Sullivan
Lois,Charlie Rose
Lois,Glen Woodburn
Lois,Soledad O'Brien
Lois,Dana Bash
Lois,Senator Purrington
Lois,Nancy Grace
Lois,Arthur Curry / Aquaman
Lois,Silas
Lois,Cyborg / Victor Stone
Lois,Erika Erickson
Lois,Anderson Cooper
Lois,Brooke Baldwin
Lois,Father Leone
Lois,Pete Ross
Lois,Lana Lang
Lois,Jon Stewart
Lex Luthor,Martha Kent
Lex Luthor,Perry White
Lex Luthor,Alfred
Lex Luthor,Senator Finch
Lex Luthor,Wonder Woman / Diana Prince
Lex Luthor,Wallace Keefe
Lex Luthor,Anatoli Knyazev
Lex Luthor,Mercy Graves
Lex Luthor,Martha Wayne
Lex Luthor,Sage
Lex Luthor,General Amajagh
Lex Luthor,Jimmy Olsen
Lex Luthor,Cesar Santos
Lex Luthor,Jenny
Lex Luthor,Swanwick
Lex Luthor,Neil deGrasse Tyson
Lex Luthor,The Flash / Barry Allen
Lex Luthor,Jonathan Kent
Lex Luthor,Adriana Santos
Lex Luthor,Thomas Wayne
Lex Luthor,Jack O' Dwyer
Lex Luthor,Zod
Lex Luthor,Kahina Ziri
Lex Luthor,Senator Barrows
Lex Luthor,Officer Mazzuccheli
Lex Luthor,Officer Rucka
Lex Luthor,Kent Shocknek
Lex Luthor,Emmet Vale
Lex Luthor,Major Carrie Farris
Lex Luthor,Carmen
Lex Luthor,Vikram Gandhi
Lex Luthor,Andrew Sullivan
Lex Luthor,Charlie Rose
Lex Luthor,Glen Woodburn
Lex Luthor,Soledad O'Brien
Lex Luthor,Dana Bash
Lex Luthor,Senator Purrington
Lex Luthor,Nancy Grace
Lex Luthor,Arthur Curry / Aquaman
Lex Luthor,Silas
Lex Luthor,Cyborg / Victor Stone
Lex Luthor,Erika Erickson
Lex Luthor,Anderson Cooper
Lex Luthor,Brooke Baldwin
Lex Luthor,Father Leone
Lex Luthor,Pete Ross
Lex Luthor,Lana Lang
Lex Luthor,Jon Stewart
Martha Kent,Perry White
Martha Kent,Alfred
Martha Kent,Senator Finch
Martha Kent,Wonder Woman / Diana Prince
Martha Kent,Wallace Keefe
Martha Kent,Anatoli Knyazev
Martha Kent,Mercy Graves
Martha Kent,Martha Wayne
Martha Kent,Sage
Martha Kent,General Amajagh
Martha Kent,Jimmy Olsen
Martha Kent,Cesar Santos
Martha Kent,Jenny
Martha Kent,Swanwick
Martha Kent,Neil deGrasse Tyson
Martha Kent,The Flash / Barry Allen
Martha Kent,Jonathan Kent
Martha Kent,Adriana Santos
Martha Kent,Thomas Wayne
Martha Kent,Jack O' Dwyer
Martha Kent,Zod
Martha Kent,Kahina Ziri
Martha Kent,Senator Barrows
Martha Kent,Officer Mazzuccheli
Martha Kent,Officer Rucka
Martha Kent,Kent Shocknek
Martha Kent,Emmet Vale
Martha Kent,Major Carrie Farris
Martha Kent,Carmen
Martha Kent,Vikram Gandhi
Martha Kent,Andrew Sullivan
Martha Kent,Charlie Rose
Martha Kent,Glen Woodburn
Martha Kent,Soledad O'Brien
Martha Kent,Dana Bash
Martha Kent,Senator Purrington
Martha Kent,Nancy Grace
Martha Kent,Arthur Curry / Aquaman
Martha Kent,Silas
Martha Kent,Cyborg / Victor Stone
Martha Kent,Erika Erickson
Martha Kent,Anderson Cooper
Martha Kent,Brooke Baldwin
Martha Kent,Father Leone
Martha Kent,Pete Ross
Martha Kent,Lana Lang
Martha Kent,Jon Stewart
Perry White,Alfred
Perry White,Senator Finch
Perry White,Wonder Woman / Diana Prince
Perry White,Wallace Keefe
Perry White,Anatoli Knyazev
Perry White,Mercy Graves
Perry White,Martha Wayne
Perry White,Sage
Perry White,General Amajagh
Perry White,Jimmy Olsen
Perry White,Cesar Santos
Perry White,Jenny
Perry White,Swanwick
Perry White,Neil deGrasse Tyson
Perry White,The Flash / Barry Allen
Perry White,Jonathan Kent
Perry White,Adriana Santos
Perry White,Thomas Wayne
Perry White,Jack O' Dwyer
Perry White,Zod
Perry White,Kahina Ziri
Perry White,Senator Barrows
Perry White,Officer Mazzuccheli
Perry White,Officer Rucka
Perry White,Kent Shocknek
Perry White,Emmet Vale
Perry White,Major Carrie Farris
Perry White,Carmen
Perry White,Vikram Gandhi
Perry White,Andrew Sullivan
Perry White,Charlie Rose
Perry White,Glen Woodburn
Perry White,Soledad O'Brien
Perry White,Dana Bash
Perry White,Senator Purrington
Perry White,Nancy Grace
Perry White,Arthur Curry / Aquaman
Perry White,Silas
Perry White,Cyborg / Victor Stone
Perry White,Erika Erickson
Perry White,Anderson Cooper
Perry White,Brooke Baldwin
Perry White,Father Leone
Perry White,Pete Ross
Perry White,Lana Lang
Perry White,Jon Stewart
Alfred,Senator Finch
Alfred,Wonder Woman / Diana Prince
Alfred,Wallace Keefe
Alfred,Anatoli Knyazev
Alfred,Mercy Graves
Alfred,Martha Wayne
Alfred,Sage
Alfred,General Amajagh
Alfred,Jimmy Olsen
Alfred,Cesar Santos
Alfred,Jenny
Alfred,Swanwick
Alfred,Neil deGrasse Tyson
Alfred,The Flash / Barry Allen
Alfred,Jonathan Kent
Alfred,Adriana Santos
Alfred,Thomas Wayne
Alfred,Jack O' Dwyer
Alfred,Zod
Alfred,Kahina Ziri
Alfred,Senator Barrows
Alfred,Officer Mazzuccheli
Alfred,Officer Rucka
Alfred,Kent Shocknek
Alfred,Emmet Vale
Alfred,Major Carrie Farris
Alfred,Carmen
Alfred,Vikram Gandhi
Alfred,Andrew Sullivan
Alfred,Charlie Rose
Alfred,Glen Woodburn
Alfred,Soledad O'Brien
Alfred,Dana Bash
Alfred,Senator Purrington
Alfred,Nancy Grace
Alfred,Arthur Curry / Aquaman
Alfred,Silas
Alfred,Cyborg / Victor Stone
Alfred,Erika Erickson
Alfred,Anderson Cooper
Alfred,Brooke Baldwin
Alfred,Father Leone
Alfred,Pete Ross
Alfred,Lana Lang
Alfred,Jon Stewart
Senator Finch,Wonder Woman / Diana Prince
Senator Finch,Wallace Keefe
Senator Finch,Anatoli Knyazev
Senator Finch,Mercy Graves
Senator Finch,Martha Wayne
Senator Finch,Sage
Senator Finch,General Amajagh
Senator Finch,Jimmy Olsen
Senator Finch,Cesar Santos
Senator Finch,Jenny
Senator Finch,Swanwick
Senator Finch,Neil deGrasse Tyson
Senator Finch,The Flash / Barry Allen
Senator Finch,Jonathan Kent
Senator Finch,Adriana Santos
Senator Finch,Thomas Wayne
Senator Finch,Jack O' Dwyer
Senator Finch,Zod
Senator Finch,Kahina Ziri
Senator Finch,Senator Barrows
Senator Finch,Officer Mazzuccheli
Senator Finch,Officer Rucka
Senator Finch,Kent Shocknek
Senator Finch,Emmet Vale
Senator Finch,Major Carrie Farris
Senator Finch,Carmen
Senator Finch,Vikram Gandhi
Senator Finch,Andrew Sullivan
Senator Finch,Charlie Rose
Senator Finch,Glen Woodburn
Senator Finch,Soledad O'Brien
Senator Finch,Dana Bash
Senator Finch,Senator Purrington
Senator Finch,Nancy Grace
Senator Finch,Arthur Curry / Aquaman
Senator Finch,Silas
Senator Finch,Cyborg / Victor Stone
Senator Finch,Erika Erickson
Senator Finch,Anderson Cooper
Senator Finch,Brooke Baldwin
Senator Finch,Father Leone
Senator Finch,Pete Ross
Senator Finch,Lana Lang
Senator Finch,Jon Stewart
Wonder Woman / Diana Prince,Wallace Keefe
Wonder Woman / Diana Prince,Anatoli Knyazev
Wonder Woman / Diana Prince,Mercy Graves
Wonder Woman / Diana Prince,Martha Wayne
Wonder Woman / Diana Prince,Sage
Wonder Woman / Diana Prince,General Amajagh
Wonder Woman / Diana Prince,Jimmy Olsen
Wonder Woman / Diana Prince,Cesar Santos
Wonder Woman / Diana Prince,Jenny
Wonder Woman / Diana Prince,Swanwick
Wonder Woman / Diana Prince,Neil deGrasse Tyson
Wonder Woman / Diana Prince,The Flash / Barry Allen
Wonder Woman / Diana Prince,Jonathan Kent
Wonder Woman / Diana Prince,Adriana Santos
Wonder Woman / Diana Prince,Thomas Wayne
Wonder Woman / Diana Prince,Jack O' Dwyer
Wonder Woman / Diana Prince,Zod
Wonder Woman / Diana Prince,Kahina Ziri
Wonder Woman / Diana Prince,Senator Barrows
Wonder Woman / Diana Prince,Officer Mazzuccheli
Wonder Woman / Diana Prince,Officer Rucka
Wonder Woman / Diana Prince,Kent Shocknek
Wonder Woman / Diana Prince,Emmet Vale
Wonder Woman / Diana Prince,Major Carrie Farris
Wonder Woman / Diana Prince,Carmen
Wonder Woman / Diana Prince,Vikram Gandhi
Wonder Woman / Diana Prince,Andrew Sullivan
Wonder Woman / Diana Prince,Charlie Rose
Wonder Woman / Diana Prince,Glen Woodburn
Wonder Woman / Diana Prince,Soledad O'Brien
Wonder Woman / Diana Prince,Dana Bash
Wonder Woman / Diana Prince,Senator Purrington
Wonder Woman / Diana Prince,Nancy Grace
Wonder Woman / Diana Prince,Arthur Curry / Aquaman
Wonder Woman / Diana Prince,Silas
Wonder Woman / Diana Prince,Cyborg / Victor Stone
Wonder Woman / Diana Prince,Erika Erickson
Wonder Woman / Diana Prince,Anderson Cooper
Wonder Woman / Diana Prince,Brooke Baldwin
Wonder Woman / Diana Prince,Father Leone
Wonder Woman / Diana Prince,Pete Ross
Wonder Woman / Diana Prince,Lana Lang
Wonder Woman / Diana Prince,Jon Stewart
Wallace Keefe,Anatoli Knyazev
Wallace Keefe,Mercy Graves
Wallace Keefe,Martha Wayne
Wallace Keefe,Sage
Wallace Keefe,General Amajagh
Wallace Keefe,Jimmy Olsen
Wallace Keefe,Cesar Santos
Wallace Keefe,Jenny
Wallace Keefe,Swanwick
Wallace Keefe,Neil deGrasse Tyson
Wallace Keefe,The Flash / Barry Allen
Wallace Keefe,Jonathan Kent
Wallace Keefe,Adriana Santos
Wallace Keefe,Thomas Wayne
Wallace Keefe,Jack O' Dwyer
Wallace Keefe,Zod
Wallace Keefe,Kahina Ziri
Wallace Keefe,Senator Barrows
Wallace Keefe,Officer Mazzuccheli
Wallace Keefe,Officer Rucka
Wallace Keefe,Kent Shocknek
Wallace Keefe,Emmet Vale
Wallace Keefe,Major Carrie Farris
Wallace Keefe,Carmen
Wallace Keefe,Vikram Gandhi
Wallace Keefe,Andrew Sullivan
Wallace Keefe,Charlie Rose
Wallace Keefe,Glen Woodburn
Wallace Keefe,Soledad O'Brien
Wallace Keefe,Dana Bash
Wallace Keefe,Senator Purrington
Wallace Keefe,Nancy Grace
Wallace Keefe,Arthur Curry / Aquaman
Wallace Keefe,Silas
Wallace Keefe,Cyborg / Victor Stone
Wallace Keefe,Erika Erickson
Wallace Keefe,Anderson Cooper
Wallace Keefe,Brooke Baldwin
Wallace Keefe,Father Leone
Wallace Keefe,Pete Ross
Wallace Keefe,Lana Lang
Wallace Keefe,Jon Stewart
Anatoli Knyazev,Mercy Graves
Anatoli Knyazev,Martha Wayne
Anatoli Knyazev,Sage
Anatoli Knyazev,General Amajagh
Anatoli Knyazev,Jimmy Olsen
Anatoli Knyazev,Cesar Santos
Anatoli Knyazev,Jenny
Anatoli Knyazev,Swanwick
Anatoli Knyazev,Neil deGrasse Tyson
Anatoli Knyazev,The Flash / Barry Allen
Anatoli Knyazev,Jonathan Kent
Anatoli Knyazev,Adriana Santos
Anatoli Knyazev,Thomas Wayne
Anatoli Knyazev,Jack O' Dwyer
Anatoli Knyazev,Zod
Anatoli Knyazev,Kahina Ziri
Anatoli Knyazev,Senator Barrows
Anatoli Knyazev,Officer Mazzuccheli
Anatoli Knyazev,Officer Rucka
Anatoli Knyazev,Kent Shocknek
Anatoli Knyazev,Emmet Vale
Anatoli Knyazev,Major Carrie Farris
Anatoli Knyazev,Carmen
Anatoli Knyazev,Vikram Gandhi
Anatoli Knyazev,Andrew Sullivan
Anatoli Knyazev,Charlie Rose
Anatoli Knyazev,Glen Woodburn
Anatoli Knyazev,Soledad O'Brien
Anatoli Knyazev,Dana Bash
Anatoli Knyazev,Senator Purrington
Anatoli Knyazev,Nancy Grace
Anatoli Knyazev,Arthur Curry / Aquaman
Anatoli Knyazev,Silas
Anatoli Knyazev,Cyborg / Victor Stone
Anatoli Knyazev,Erika Erickson
Anatoli Knyazev,Anderson Cooper
Anatoli Knyazev,Brooke Baldwin
Anatoli Knyazev,Father Leone
Anatoli Knyazev,Pete Ross
Anatoli Knyazev,Lana Lang
Anatoli Knyazev,Jon Stewart
Mercy Graves,Martha Wayne
Mercy Graves,Sage
Mercy Graves,General Amajagh
Mercy Graves,Jimmy Olsen
Mercy Graves,Cesar Santos
Mercy Graves,Jenny
Mercy Graves,Swanwick
Mercy Graves,Neil deGrasse Tyson
Mercy Graves,The Flash / Barry Allen
Mercy Graves,Jonathan Kent
Mercy Graves,Adriana Santos
Mercy Graves,Thomas Wayne
Mercy Graves,Jack O' Dwyer
Mercy Graves,Zod
Mercy Graves,Kahina Ziri
Mercy Graves,Senator Barrows
Mercy Graves,Officer Mazzuccheli
Mercy Graves,Officer Rucka
Mercy Graves,Kent Shocknek
Mercy Graves,Emmet Vale
Mercy Graves,Major Carrie Farris
Mercy Graves,Carmen
Mercy Graves,Vikram Gandhi
Mercy Graves,Andrew Sullivan
Mercy Graves,Charlie Rose
Mercy Graves,Glen Woodburn
Mercy Graves,Soledad O'Brien
Mercy Graves,Dana Bash
Mercy Graves,Senator Purrington
Mercy Graves,Nancy Grace
Mercy Graves,Arthur Curry / Aquaman
Mercy Graves,Silas
Mercy Graves,Cyborg / Victor Stone
Mercy Graves,Erika Erickson
Mercy Graves,Anderson Cooper
Mercy Graves,Brooke Baldwin
Mercy Graves,Father Leone
Mercy Graves,Pete Ross
Mercy Graves,Lana Lang
Mercy Graves,Jon Stewart
Martha Wayne,Sage
Martha Wayne,General Amajagh
Martha Wayne,Jimmy Olsen
Martha Wayne,Cesar Santos
Martha Wayne,Jenny
Martha Wayne,Swanwick
Martha Wayne,Neil deGrasse Tyson
Martha Wayne,The Flash / Barry Allen
Martha Wayne,Jonathan Kent
Martha Wayne,Adriana Santos
Martha Wayne,Thomas Wayne
Martha Wayne,Jack O' Dwyer
Martha Wayne,Zod
Martha Wayne,Kahina Ziri
Martha Wayne,Senator Barrows
Martha Wayne,Officer Mazzuccheli
Martha Wayne,Officer Rucka
Martha Wayne,Kent Shocknek
Martha Wayne,Emmet Vale
Martha Wayne,Major Carrie Farris
Martha Wayne,Carmen
Martha Wayne,Vikram Gandhi
Martha Wayne,Andrew Sullivan
Martha Wayne,Charlie Rose
Martha Wayne,Glen Woodburn
Martha Wayne,Soledad O'Brien
Martha Wayne,Dana Bash
Martha Wayne,Senator Purrington
Martha Wayne,Nancy Grace
Martha Wayne,Arthur Curry / Aquaman
Martha Wayne,Silas
Martha Wayne,Cyborg / Victor Stone
Martha Wayne,Erika Erickson
Martha Wayne,Anderson Cooper
Martha Wayne,Brooke Baldwin
Martha Wayne,Father Leone
Martha Wayne,Pete Ross
Martha Wayne,Lana Lang
Martha Wayne,Jon Stewart
Sage,General Amajagh
Sage,Jimmy Olsen
Sage,Cesar Santos
Sage,Jenny
Sage,Swanwick
Sage,Neil deGrasse Tyson
Sage,The Flash / Barry Allen
Sage,Jonathan Kent
Sage,Adriana Santos
Sage,Thomas Wayne
Sage,Jack O' Dwyer
Sage,Zod
Sage,Kahina Ziri
Sage,Senator Barrows
Sage,Officer Mazzuccheli
Sage,Officer Rucka
Sage,Kent Shocknek
Sage,Emmet Vale
Sage,Major Carrie Farris
Sage,Carmen
Sage,Vikram Gandhi
Sage,Andrew Sullivan
Sage,Charlie Rose
Sage,Glen Woodburn
Sage,Soledad O'Brien
Sage,Dana Bash
Sage,Senator Purrington
Sage,Nancy Grace
Sage,Arthur Curry / Aquaman
Sage,Silas
Sage,Cyborg / Victor Stone
Sage,Erika Erickson
Sage,Anderson Cooper
Sage,Brooke Baldwin
Sage,Father Leone
Sage,Pete Ross
Sage,Lana Lang
Sage,Jon Stewart
General Amajagh,Jimmy Olsen
General Amajagh,Cesar Santos
General Amajagh,Jenny
General Amajagh,Swanwick
General Amajagh,Neil deGrasse Tyson
General Amajagh,The Flash / Barry Allen
General Amajagh,Jonathan Kent
General Amajagh,Adriana Santos
General Amajagh,Thomas Wayne
General Amajagh,Jack O' Dwyer
General Amajagh,Zod
General Amajagh,Kahina Ziri
General Amajagh,Senator Barrows
General Amajagh,Officer Mazzuccheli
General Amajagh,Officer Rucka
General Amajagh,Kent Shocknek
General Amajagh,Emmet Vale
General Amajagh,Major Carrie Farris
General Amajagh,Carmen
General Amajagh,Vikram Gandhi
General Amajagh,Andrew Sullivan
General Amajagh,Charlie Rose
General Amajagh,Glen Woodburn
General Amajagh,Soledad O'Brien
General Amajagh,Dana Bash
General Amajagh,Senator Purrington
General Amajagh,Nancy Grace
General Amajagh,Arthur Curry / Aquaman
General Amajagh,Silas
General Amajagh,Cyborg / Victor Stone
General Amajagh,Erika Erickson
General Amajagh,Anderson Cooper
General Amajagh,Brooke Baldwin
General Amajagh,Father Leone
General Amajagh,Pete Ross
General Amajagh,Lana Lang
General Amajagh,Jon Stewart
Jimmy Olsen,Cesar Santos
Jimmy Olsen,Jenny
Jimmy Olsen,Swanwick
Jimmy Olsen,Neil deGrasse Tyson
Jimmy Olsen,The Flash / Barry Allen
Jimmy Olsen,Jonathan Kent
Jimmy Olsen,Adriana Santos
Jimmy Olsen,Thomas Wayne
Jimmy Olsen,Jack O' Dwyer
Jimmy Olsen,Zod
Jimmy Olsen,Kahina Ziri
Jimmy Olsen,Senator Barrows
Jimmy Olsen,Officer Mazzuccheli
Jimmy Olsen,Officer Rucka
Jimmy Olsen,Kent Shocknek
Jimmy Olsen,Emmet Vale
Jimmy Olsen,Major Carrie Farris
Jimmy Olsen,Carmen
Jimmy Olsen,Vikram Gandhi
Jimmy Olsen,Andrew Sullivan
Jimmy Olsen,Charlie Rose
Jimmy Olsen,Glen Woodburn
Jimmy Olsen,Soledad O'Brien
Jimmy Olsen,Dana Bash
Jimmy Olsen,Senator Purrington
Jimmy Olsen,Nancy Grace
Jimmy Olsen,Arthur Curry / Aquaman
Jimmy Olsen,Silas
Jimmy Olsen,Cyborg / Victor Stone
Jimmy Olsen,Erika Erickson
Jimmy Olsen,Anderson Cooper
Jimmy Olsen,Brooke Baldwin
Jimmy Olsen,Father Leone
Jimmy Olsen,Pete Ross
Jimmy Olsen,Lana Lang
Jimmy Olsen,Jon Stewart
Cesar Santos,Jenny
Cesar Santos,Swanwick
Cesar Santos,Neil deGrasse Tyson
Cesar Santos,The Flash / Barry Allen
Cesar Santos,Jonathan Kent
Cesar Santos,Adriana Santos
Cesar Santos,Thomas Wayne
Cesar Santos,Jack O' Dwyer
Cesar Santos,Zod
Cesar Santos,Kahina Ziri
Cesar Santos,Senator Barrows
Cesar Santos,Officer Mazzuccheli
Cesar Santos,Officer Rucka
Cesar Santos,Kent Shocknek
Cesar Santos,Emmet Vale
Cesar Santos,Major Carrie Farris
Cesar Santos,Carmen
Cesar Santos,Vikram Gandhi
Cesar Santos,Andrew Sullivan
Cesar Santos,Charlie Rose
Cesar Santos,Glen Woodburn
Cesar Santos,Soledad O'Brien
Cesar Santos,Dana Bash
Cesar Santos,Senator Purrington
Cesar Santos,Nancy Grace
Cesar Santos,Arthur Curry / Aquaman
Cesar Santos,Silas
Cesar Santos,Cyborg / Victor Stone
Cesar Santos,Erika Erickson
Cesar Santos,Anderson Cooper
Cesar Santos,Brooke Baldwin
Cesar Santos,Father Leone
Cesar Santos,Pete Ross
Cesar Santos,Lana Lang
Cesar Santos,Jon Stewart
Jenny,Swanwick
Jenny,Neil deGrasse Tyson
Jenny,The Flash / Barry Allen
Jenny,Jonathan Kent
Jenny,Adriana Santos
Jenny,Thomas Wayne
Jenny,Jack O' Dwyer
Jenny,Zod
Jenny,Kahina Ziri
Jenny,Senator Barrows
Jenny,Officer Mazzuccheli
Jenny,Officer Rucka
Jenny,Kent Shocknek
Jenny,Emmet Vale
Jenny,Major Carrie Farris
Jenny,Carmen
Jenny,Vikram Gandhi
Jenny,Andrew Sullivan
Jenny,Charlie Rose
Jenny,Glen Woodburn
Jenny,Soledad O'Brien
Jenny,Dana Bash
Jenny,Senator Purrington
Jenny,Nancy Grace
Jenny,Arthur Curry / Aquaman
Jenny,Silas
Jenny,Cyborg / Victor Stone
Jenny,Erika Erickson
Jenny,Anderson Cooper
Jenny,Brooke Baldwin
Jenny,Father Leone
Jenny,Pete Ross
Jenny,Lana Lang
Jenny,Jon Stewart
Swanwick,Neil deGrasse Tyson
Swanwick,The Flash / Barry Allen
Swanwick,Jonathan Kent
Swanwick,Adriana Santos
Swanwick,Thomas Wayne
Swanwick,Jack O' Dwyer
Swanwick,Zod
Swanwick,Kahina Ziri
Swanwick,Senator Barrows
Swanwick,Officer Mazzuccheli
Swanwick,Officer Rucka
Swanwick,Kent Shocknek
Swanwick,Emmet Vale
Swanwick,Major Carrie Farris
Swanwick,Carmen
Swanwick,Vikram Gandhi
Swanwick,Andrew Sullivan
Swanwick,Charlie Rose
Swanwick,Glen Woodburn
Swanwick,Soledad O'Brien
Swanwick,Dana Bash
Swanwick,Senator Purrington
Swanwick,Nancy Grace
Swanwick,Arthur Curry / Aquaman
Swanwick,Silas
Swanwick,Cyborg / Victor Stone
Swanwick,Erika Erickson
Swanwick,Anderson Cooper
Swanwick,Brooke Baldwin
Swanwick,Father Leone
Swanwick,Pete Ross
Swanwick,Lana Lang
Swanwick,Jon Stewart
Neil deGrasse Tyson,The Flash / Barry Allen
Neil deGrasse Tyson,Jonathan Kent
Neil deGrasse Tyson,Adriana Santos
Neil deGrasse Tyson,Thomas Wayne
Neil deGrasse Tyson,Jack O' Dwyer
Neil deGrasse Tyson,Zod
Neil deGrasse Tyson,Kahina Ziri
Neil deGrasse Tyson,Senator Barrows
Neil deGrasse Tyson,Officer Mazzuccheli
Neil deGrasse Tyson,Officer Rucka
Neil deGrasse Tyson,Kent Shocknek
Neil deGrasse Tyson,Emmet Vale
Neil deGrasse Tyson,Major Carrie Farris
Neil deGrasse Tyson,Carmen
Neil deGrasse Tyson,Vikram Gandhi
Neil deGrasse Tyson,Andrew Sullivan
Neil deGrasse Tyson,Charlie Rose
Neil deGrasse Tyson,Glen Woodburn
Neil deGrasse Tyson,Soledad O'Brien
Neil deGrasse Tyson,Dana Bash
Neil deGrasse Tyson,Senator Purrington
Neil deGrasse Tyson,Nancy Grace
Neil deGrasse Tyson,Arthur Curry / Aquaman
Neil deGrasse Tyson,Silas
Neil deGrasse Tyson,Cyborg / Victor Stone
Neil deGrasse Tyson,Erika Erickson
Neil deGrasse Tyson,Anderson Cooper
Neil deGrasse Tyson,Brooke Baldwin
Neil deGrasse Tyson,Father Leone
Neil deGrasse Tyson,Pete Ross
Neil deGrasse Tyson,Lana Lang
Neil deGrasse Tyson,Jon Stewart
The Flash / Barry Allen,Jonathan Kent
The Flash / Barry Allen,Adriana Santos
The Flash / Barry Allen,Thomas Wayne
The Flash / Barry Allen,Jack O' Dwyer
The Flash / Barry Allen,Zod
The Flash / Barry Allen,Kahina Ziri
The Flash / Barry Allen,Senator Barrows
The Flash / Barry Allen,Officer Mazzuccheli
The Flash / Barry Allen,Officer Rucka
The Flash / Barry Allen,Kent Shocknek
The Flash / Barry Allen,Emmet Vale
The Flash / Barry Allen,Major Carrie Farris
The Flash / Barry Allen,Carmen
The Flash / Barry Allen,Vikram Gandhi
The Flash / Barry Allen,Andrew Sullivan
The Flash / Barry Allen,Charlie Rose
The Flash / Barry Allen,Glen Woodburn
The Flash / Barry Allen,Soledad O'Brien
The Flash / Barry Allen,Dana Bash
The Flash / Barry Allen,Senator Purrington
The Flash / Barry Allen,Nancy Grace
The Flash / Barry Allen,Arthur Curry / Aquaman
The Flash / Barry Allen,Silas
The Flash / Barry Allen,Cyborg / Victor Stone
The Flash / Barry Allen,Erika Erickson
The Flash / Barry Allen,Anderson Cooper
The Flash / Barry Allen,Brooke Baldwin
The Flash / Barry Allen,Father Leone
The Flash / Barry Allen,Pete Ross
The Flash / Barry Allen,Lana Lang
The Flash / Barry Allen,Jon Stewart
Jonathan Kent,Adriana Santos
Jonathan Kent,Thomas Wayne
Jonathan Kent,Jack O' Dwyer
Jonathan Kent,Zod
Jonathan Kent,Kahina Ziri
Jonathan Kent,Senator Barrows
Jonathan Kent,Officer Mazzuccheli
Jonathan Kent,Officer Rucka
Jonathan Kent,Kent Shocknek
Jonathan Kent,Emmet Vale
Jonathan Kent,Major Carrie Farris
Jonathan Kent,Carmen
Jonathan Kent,Vikram Gandhi
Jonathan Kent,Andrew Sullivan
Jonathan Kent,Charlie Rose
Jonathan Kent,Glen Woodburn
Jonathan Kent,Soledad O'Brien
Jonathan Kent,Dana Bash
Jonathan Kent,Senator Purrington
Jonathan Kent,Nancy Grace
Jonathan Kent,Arthur Curry / Aquaman
Jonathan Kent,Silas
Jonathan Kent,Cyborg / Victor Stone
Jonathan Kent,Erika Erickson
Jonathan Kent,Anderson Cooper
Jonathan Kent,Brooke Baldwin
Jonathan Kent,Father Leone
Jonathan Kent,Pete Ross
Jonathan Kent,Lana Lang
Jonathan Kent,Jon Stewart
Adriana Santos,Thomas Wayne
Adriana Santos,Jack O' Dwyer
Adriana Santos,Zod
Adriana Santos,Kahina Ziri
Adriana Santos,Senator Barrows
Adriana Santos,Officer Mazzuccheli
Adriana Santos,Officer Rucka
Adriana Santos,Kent Shocknek
Adriana Santos,Emmet Vale
Adriana Santos,Major Carrie Farris
Adriana Santos,Carmen
Adriana Santos,Vikram Gandhi
Adriana Santos,Andrew Sullivan
Adriana Santos,Charlie Rose
Adriana Santos,Glen Woodburn
Adriana Santos,Soledad O'Brien
Adriana Santos,Dana Bash
Adriana Santos,Senator Purrington
Adriana Santos,Nancy Grace
Adriana Santos,Arthur Curry / Aquaman
Adriana Santos,Silas
Adriana Santos,Cyborg / Victor Stone
Adriana Santos,Erika Erickson
Adriana Santos,Anderson Cooper
Adriana Santos,Brooke Baldwin
Adriana Santos,Father Leone
Adriana Santos,Pete Ross
Adriana Santos,Lana Lang
Adriana Santos,Jon Stewart
Thomas Wayne,Jack O' Dwyer
Thomas Wayne,Zod
Thomas Wayne,Kahina Ziri
Thomas Wayne,Senator Barrows
Thomas Wayne,Officer Mazzuccheli
Thomas Wayne,Officer Rucka
Thomas Wayne,Kent Shocknek
Thomas Wayne,Emmet Vale
Thomas Wayne,Major Carrie Farris
Thomas Wayne,Carmen
Thomas Wayne,Vikram Gandhi
Thomas Wayne,Andrew Sullivan
Thomas Wayne,Charlie Rose
Thomas Wayne,Glen Woodburn
Thomas Wayne,Soledad O'Brien
Thomas Wayne,Dana Bash
Thomas Wayne,Senator Purrington
Thomas Wayne,Nancy Grace
Thomas Wayne,Arthur Curry / Aquaman
Thomas Wayne,Silas
Thomas Wayne,Cyborg / Victor Stone
Thomas Wayne,Erika Erickson
Thomas Wayne,Anderson Cooper
Thomas Wayne,Brooke Baldwin
Thomas Wayne,Father Leone
Thomas Wayne,Pete Ross
Thomas Wayne,Lana Lang
Thomas Wayne,Jon Stewart
Jack O' Dwyer,Zod
Jack O' Dwyer,Kahina Ziri
Jack O' Dwyer,Senator Barrows
Jack O' Dwyer,Officer Mazzuccheli
Jack O' Dwyer,Officer Rucka
Jack O' Dwyer,Kent Shocknek
Jack O' Dwyer,Emmet Vale
Jack O' Dwyer,Major Carrie Farris
Jack O' Dwyer,Carmen
Jack O' Dwyer,Vikram Gandhi
Jack O' Dwyer,Andrew Sullivan
Jack O' Dwyer,Charlie Rose
Jack O' Dwyer,Glen Woodburn
Jack O' Dwyer,Soledad O'Brien
Jack O' Dwyer,Dana Bash
Jack O' Dwyer,Senator Purrington
Jack O' Dwyer,Nancy Grace
Jack O' Dwyer,Arthur Curry / Aquaman
Jack O' Dwyer,Silas
Jack O' Dwyer,Cyborg / Victor Stone
Jack O' Dwyer,Erika Erickson
Jack O' Dwyer,Anderson Cooper
Jack O' Dwyer,Brooke Baldwin
Jack O' Dwyer,Father Leone
Jack O' Dwyer,Pete Ross
Jack O' Dwyer,Lana Lang
Jack O' Dwyer,Jon Stewart
Zod,Kahina Ziri
Zod,Senator Barrows
Zod,Officer Mazzuccheli
Zod,Officer Rucka
Zod,Kent Shocknek
Zod,Emmet Vale
Zod,Major Carrie Farris
Zod,Carmen
Zod,Vikram Gandhi
Zod,Andrew Sullivan
Zod,Charlie Rose
Zod,Glen Woodburn
Zod,Soledad O'Brien
Zod,Dana Bash
Zod,Senator Purrington
Zod,Nancy Grace
Zod,Arthur Curry / Aquaman
Zod,Silas
Zod,Cyborg / Victor Stone
Zod,Erika Erickson
Zod,Anderson Cooper
Zod,Brooke Baldwin
Zod,Father Leone
Zod,Pete Ross
Zod,Lana Lang
Zod,Jon Stewart
Kahina Ziri,Senator Barrows
Kahina Ziri,Officer Mazzuccheli
Kahina Ziri,Officer Rucka
Kahina Ziri,Kent Shocknek
Kahina Ziri,Emmet Vale
Kahina Ziri,Major Carrie Farris
Kahina Ziri,Carmen
Kahina Ziri,Vikram Gandhi
Kahina Ziri,Andrew Sullivan
Kahina Ziri,Charlie Rose
Kahina Ziri,Glen Woodburn
Kahina Ziri,Soledad O'Brien
Kahina Ziri,Dana Bash
Kahina Ziri,Senator Purrington
Kahina Ziri,Nancy Grace
Kahina Ziri,Arthur Curry / Aquaman
Kahina Ziri,Silas
Kahina Ziri,Cyborg / Victor Stone
Kahina Ziri,Erika Erickson
Kahina Ziri,Anderson Cooper
Kahina Ziri,Brooke Baldwin
Kahina Ziri,Father Leone
Kahina Ziri,Pete Ross
Kahina Ziri,Lana Lang
Kahina Ziri,Jon Stewart
Senator Barrows,Officer Mazzuccheli
Senator Barrows,Officer Rucka
Senator Barrows,Kent Shocknek
Senator Barrows,Emmet Vale
Senator Barrows,Major Carrie Farris
Senator Barrows,Carmen
Senator Barrows,Vikram Gandhi
Senator Barrows,Andrew Sullivan
Senator Barrows,Charlie Rose
Senator Barrows,Glen Woodburn
Senator Barrows,Soledad O'Brien
Senator Barrows,Dana Bash
Senator Barrows,Senator Purrington
Senator Barrows,Nancy Grace
Senator Barrows,Arthur Curry / Aquaman
Senator Barrows,Silas
Senator Barrows,Cyborg / Victor Stone
Senator Barrows,Erika Erickson
Senator Barrows,Anderson Cooper
Senator Barrows,Brooke Baldwin
Senator Barrows,Father Leone
Senator Barrows,Pete Ross
Senator Barrows,Lana Lang
Senator Barrows,Jon Stewart
Officer Mazzuccheli,Officer Rucka
Officer Mazzuccheli,Kent Shocknek
Officer Mazzuccheli,Emmet Vale
Officer Mazzuccheli,Major Carrie Farris
Officer Mazzuccheli,Carmen
Officer Mazzuccheli,Vikram Gandhi
Officer Mazzuccheli,Andrew Sullivan
Officer Mazzuccheli,Charlie Rose
Officer Mazzuccheli,Glen Woodburn
Officer Mazzuccheli,Soledad O'Brien
Officer Mazzuccheli,Dana Bash
Officer Mazzuccheli,Senator Purrington
Officer Mazzuccheli,Nancy Grace
Officer Mazzuccheli,Arthur Curry / Aquaman
Officer Mazzuccheli,Silas
Officer Mazzuccheli,Cyborg / Victor Stone
Officer Mazzuccheli,Erika Erickson
Officer Mazzuccheli,Anderson Cooper
Officer Mazzuccheli,Brooke Baldwin
Officer Mazzuccheli,Father Leone
Officer Mazzuccheli,Pete Ross
Officer Mazzuccheli,Lana Lang
Officer Mazzuccheli,Jon Stewart
Officer Rucka,Kent Shocknek
Officer Rucka,Emmet Vale
Officer Rucka,Major Carrie Farris
Officer Rucka,Carmen
Officer Rucka,Vikram Gandhi
Officer Rucka,Andrew Sullivan
Officer Rucka,Charlie Rose
Officer Rucka,Glen Woodburn
Officer Rucka,Soledad O'Brien
Officer Rucka,Dana Bash
Officer Rucka,Senator Purrington
Officer Rucka,Nancy Grace
Officer Rucka,Arthur Curry / Aquaman
Officer Rucka,Silas
Officer Rucka,Cyborg / Victor Stone
Officer Rucka,Erika Erickson
Officer Rucka,Anderson Cooper
Officer Rucka,Brooke Baldwin
Officer Rucka,Father Leone
Officer Rucka,Pete Ross
Officer Rucka,Lana Lang
Officer Rucka,Jon Stewart
Kent Shocknek,Emmet Vale
Kent Shocknek,Major Carrie Farris
Kent Shocknek,Carmen
Kent Shocknek,Vikram Gandhi
Kent Shocknek,Andrew Sullivan
Kent Shocknek,Charlie Rose
Kent Shocknek,Glen Woodburn
Kent Shocknek,Soledad O'Brien
Kent Shocknek,Dana Bash
Kent Shocknek,Senator Purrington
Kent Shocknek,Nancy Grace
Kent Shocknek,Arthur Curry / Aquaman
Kent Shocknek,Silas
Kent Shocknek,Cyborg / Victor Stone
Kent Shocknek,Erika Erickson
Kent Shocknek,Anderson Cooper
Kent Shocknek,Brooke Baldwin
Kent Shocknek,Father Leone
Kent Shocknek,Pete Ross
Kent Shocknek,Lana Lang
Kent Shocknek,Jon Stewart
Emmet Vale,Major Carrie Farris
Emmet Vale,Carmen
Emmet Vale,Vikram Gandhi
Emmet Vale,Andrew Sullivan
Emmet Vale,Charlie Rose
Emmet Vale,Glen Woodburn
Emmet Vale,Soledad O'Brien
Emmet Vale,Dana Bash
Emmet Vale,Senator Purrington
Emmet Vale,Nancy Grace
Emmet Vale,Arthur Curry / Aquaman
Emmet Vale,Silas
Emmet Vale,Cyborg / Victor Stone
Emmet Vale,Erika Erickson
Emmet Vale,Anderson Cooper
Emmet Vale,Brooke Baldwin
Emmet Vale,Father Leone
Emmet Vale,Pete Ross
Emmet Vale,Lana Lang
Emmet Vale,Jon Stewart
Major Carrie Farris,Carmen
Major Carrie Farris,Vikram Gandhi
Major Carrie Farris,Andrew Sullivan
Major Carrie Farris,Charlie Rose
Major Carrie Farris,Glen Woodburn
Major Carrie Farris,Soledad O'Brien
Major Carrie Farris,Dana Bash
Major Carrie Farris,Senator Purrington
Major Carrie Farris,Nancy Grace
Major Carrie Farris,Arthur Curry / Aquaman
Major Carrie Farris,Silas
Major Carrie Farris,Cyborg / Victor Stone
Major Carrie Farris,Erika Erickson
Major Carrie Farris,Anderson Cooper
Major Carrie Farris,Brooke Baldwin
Major Carrie Farris,Father Leone
Major Carrie Farris,Pete Ross
Major Carrie Farris,Lana Lang
Major Carrie Farris,Jon Stewart
Carmen,Vikram Gandhi
Carmen,Andrew Sullivan
Carmen,Charlie Rose
Carmen,Glen Woodburn
Carmen,Soledad O'Brien
Carmen,Dana Bash
Carmen,Senator Purrington
Carmen,Nancy Grace
Carmen,Arthur Curry / Aquaman
Carmen,Silas
Carmen,Cyborg / Victor Stone
Carmen,Erika Erickson
Carmen,Anderson Cooper
Carmen,Brooke Baldwin
Carmen,Father Leone
Carmen,Pete Ross
Carmen,Lana Lang
Carmen,Jon Stewart
Vikram Gandhi,Andrew Sullivan
Vikram Gandhi,Charlie Rose
Vikram Gandhi,Glen Woodburn
Vikram Gandhi,Soledad O'Brien
Vikram Gandhi,Dana Bash
Vikram Gandhi,Senator Purrington
Vikram Gandhi,Nancy Grace
Vikram Gandhi,Arthur Curry / Aquaman
Vikram Gandhi,Silas
Vikram Gandhi,Cyborg / Victor Stone
Vikram Gandhi,Erika Erickson
Vikram Gandhi,Anderson Cooper
Vikram Gandhi,Brooke Baldwin
Vikram Gandhi,Father Leone
Vikram Gandhi,Pete Ross
Vikram Gandhi,Lana Lang
Vikram Gandhi,Jon Stewart
Andrew Sullivan,Charlie Rose
Andrew Sullivan,Glen Woodburn
Andrew Sullivan,Soledad O'Brien
Andrew Sullivan,Dana Bash
Andrew Sullivan,Senator Purrington
Andrew Sullivan,Nancy Grace
Andrew Sullivan,Arthur Curry / Aquaman
Andrew Sullivan,Silas
Andrew Sullivan,Cyborg / Victor Stone
Andrew Sullivan,Erika Erickson
Andrew Sullivan,Anderson Cooper
Andrew Sullivan,Brooke Baldwin
Andrew Sullivan,Father Leone
Andrew Sullivan,Pete Ross
Andrew Sullivan,Lana Lang
Andrew Sullivan,Jon Stewart
Charlie Rose,Glen Woodburn
Charlie Rose,Soledad O'Brien
Charlie Rose,Dana Bash
Charlie Rose,Senator Purrington
Charlie Rose,Nancy Grace
Charlie Rose,Arthur Curry / Aquaman
Charlie Rose,Silas
Charlie Rose,Cyborg / Victor Stone
Charlie Rose,Erika Erickson
Charlie Rose,Anderson Cooper
Charlie Rose,Brooke Baldwin
Charlie Rose,Father Leone
Charlie Rose,Pete Ross
Charlie Rose,Lana Lang
Charlie Rose,Jon Stewart
Glen Woodburn,Soledad O'Brien
Glen Woodburn,Dana Bash
Glen Woodburn,Senator Purrington
Glen Woodburn,Nancy Grace
Glen Woodburn,Arthur Curry / Aquaman
Glen Woodburn,Silas
Glen Woodburn,Cyborg / Victor Stone
Glen Woodburn,Erika Erickson
Glen Woodburn,Anderson Cooper
Glen Woodburn,Brooke Baldwin
Glen Woodburn,Father Leone
Glen Woodburn,Pete Ross
Glen Woodburn,Lana Lang
Glen Woodburn,Jon Stewart
Soledad O'Brien,Dana Bash
Soledad O'Brien,Senator Purrington
Soledad O'Brien,Nancy Grace
Soledad O'Brien,Arthur Curry / Aquaman
Soledad O'Brien,Silas
Soledad O'Brien,Cyborg / Victor Stone
Soledad O'Brien,Erika Erickson
Soledad O'Brien,Anderson Cooper
Soledad O'Brien,Brooke Baldwin
Soledad O'Brien,Father Leone
Soledad O'Brien,Pete Ross
Soledad O'Brien,Lana Lang
Soledad O'Brien,Jon Stewart
Dana Bash,Senator Purrington
Dana Bash,Nancy Grace
Dana Bash,Arthur Curry / Aquaman
Dana Bash,Silas
Dana Bash,Cyborg / Victor Stone
Dana Bash,Erika Erickson
Dana Bash,Anderson Cooper
Dana Bash,Brooke Baldwin
Dana Bash,Father Leone
Dana Bash,Pete Ross
Dana Bash,Lana Lang
Dana Bash,Jon Stewart
Senator Purrington,Nancy Grace
Senator Purrington,Arthur Curry / Aquaman
Senator Purrington,Silas
Senator Purrington,Cyborg / Victor Stone
Senator Purrington,Erika Erickson
Senator Purrington,Anderson Cooper
Senator Purrington,Brooke Baldwin
Senator Purrington,Father Leone
Senator Purrington,Pete Ross
Senator Purrington,Lana Lang
Senator Purrington,Jon Stewart
Nancy Grace,Arthur Curry / Aquaman
Nancy Grace,Silas
Nancy Grace,Cyborg / Victor Stone
Nancy Grace,Erika Erickson
Nancy Grace,Anderson Cooper
Nancy Grace,Brooke Baldwin
Nancy Grace,Father Leone
Nancy Grace,Pete Ross
Nancy Grace,Lana Lang
Nancy Grace,Jon Stewart
Arthur Curry / Aquaman,Silas
Arthur Curry / Aquaman,Cyborg / Victor Stone
Arthur Curry / Aquaman,Erika Erickson
Arthur Curry / Aquaman,Anderson Cooper
Arthur Curry / Aquaman,Brooke Baldwin
Arthur Curry / Aquaman,Father Leone
Arthur Curry / Aquaman,Pete Ross
Arthur Curry / Aquaman,Lana Lang
Arthur Curry / Aquaman,Jon Stewart
Silas,Cyborg / Victor Stone
Silas,Erika Erickson
Silas,Anderson Cooper
Silas,Brooke Baldwin
Silas,Father Leone
Silas,Pete Ross
Silas,Lana Lang
Silas,Jon Stewart
Cyborg / Victor Stone,Erika Erickson
Cyborg / Victor Stone,Anderson Cooper
Cyborg / Victor Stone,Brooke Baldwin
Cyborg / Victor Stone,Father Leone
Cyborg / Victor Stone,Pete Ross
Cyborg / Victor Stone,Lana Lang
Cyborg / Victor Stone,Jon Stewart
Erika Erickson,Anderson Cooper
Erika Erickson,Brooke Baldwin
Erika Erickson,Father Leone
Erika Erickson,Pete Ross
Erika Erickson,Lana Lang
Erika Erickson,Jon Stewart
Anderson Cooper,Brooke Baldwin
Anderson Cooper,Father Leone
Anderson Cooper,Pete Ross
Anderson Cooper,Lana Lang
Anderson Cooper,Jon Stewart
Brooke Baldwin,Father Leone
Brooke Baldwin,Pete Ross
Brooke Baldwin,Lana Lang
Brooke Baldwin,Jon Stewart
Father Leone,Pete Ross
Father Leone,Lana Lang
Father Leone,Jon Stewart
Pete Ross,Lana Lang
Pete Ross,Jon Stewart
Lana Lang,Jon Stewart
